Serial number,Case no.,Slide number,Cells,Split,Area,Mean,Perim.,Circ.,Feret,MinFeret,AR,Round,Solidity,Nuclear_Size_Index,Irregularity_Index,Pleomorphism_Index,Feret_Ratio,NC_Compactness,Cluster,Grade,Grade_Label
1,856,S1,C1,Validation,111.995,191.731,41.014,0.837,14.393,11.052,1.214,0.824,0.946,1611.9440350000002,0.16300000000000003,0.21366400000000005,0.7678732717293127,1.1952417536788,2,1,Well-differentiated
2,856,S1,C2,Validation,103.22,188.561,41.577,0.75,13.198,10.85,1.173,0.853,0.951,1362.29756,0.25,0.17243100000000003,0.8220942567055614,1.3327005600221595,2,1,Well-differentiated
3,856,S1,C3,Train,87.293,157.07,36.593,0.819,13.18,8.799,1.387,0.721,0.94,1150.5217400000001,0.18100000000000005,0.386973,0.6676024279210926,1.2206938263888931,2,1,Well-differentiated
4,856,S1,C4,Train,96.981,165.792,39.653,0.775,14.5,9.639,1.418,0.705,0.946,1406.2244999999998,0.22499999999999998,0.41831,0.6647586206896551,1.2901956641731076,2,1,Well-differentiated
5,856,S1,C5,Train,104.944,151.012,38.393,0.895,13.746,10.191,1.327,0.754,0.955,1442.560224,0.10499999999999998,0.326442,0.7413793103448276,1.1177292603044062,2,1,Well-differentiated
6,856,S1,C6,Train,121.733,153.208,42.595,0.843,14.526,11.036,1.284,0.779,0.97,1768.293558,0.15700000000000003,0.28376399999999996,0.7597411537931984,1.186039235452032,2,1,Well-differentiated
7,856,S1,C7,Train,117.574,160.577,42.498,0.818,13.52,11.936,1.045,0.957,0.972,1589.6004799999998,0.18200000000000005,0.04493500000000004,0.8828402366863906,1.2224069958325399,2,1,Well-differentiated
8,856,S2,C1,Train,113.223,181.365,40.612,0.863,13.871,11.136,1.241,0.806,0.953,1570.516233,0.137,0.24075399999999997,0.8028260399394419,1.1592156429780927,2,1,Well-differentiated
9,856,S2,C2,Train,137.345,168.352,45.068,0.85,15.022,12.807,1.151,0.868,0.952,2063.19659,0.15000000000000002,0.151932,0.8525495939289043,1.1768303321754243,2,1,Well-differentiated
10,856,S2,C3,Train,133.316,181.087,44.116,0.861,15.28,11.443,1.32,0.757,0.956,2037.06848,0.139,0.32076,0.7488874345549739,1.1617163921581268,2,1,Well-differentiated
11,856,S2,C4,Train,49.897,149.527,27.512,0.828,9.548,7.071,1.349,0.741,0.945,476.416556,0.17200000000000004,0.349391,0.7405739421868454,1.2071466309998429,2,1,Well-differentiated
12,856,S2,C5,Validation,83.936,169.327,35.816,0.822,12.582,8.991,1.457,0.686,0.947,1056.0827520000003,0.17800000000000005,0.45749799999999996,0.7145922746781115,1.2161748827128305,2,1,Well-differentiated
13,856,S2,C6,Train,76.653,162.735,34.85,0.793,12.796,8.771,1.405,0.712,0.941,980.851788,0.20699999999999996,0.40464000000000006,0.6854485776805253,1.2608590620805868,2,1,Well-differentiated
14,856,S3,C1,Train,110.95,168.224,42.169,0.784,15.207,11.22,1.327,0.754,0.92,1687.21665,0.21599999999999997,0.326442,0.7378181100808838,1.2754088725126882,2,1,Well-differentiated
15,856,S3,C2,Train,149.225,157.518,54.226,0.638,20.232,9.424,2.408,0.415,0.868,3019.1202,0.362,1.40868,0.46579675761170425,1.5680636518841589,0,3,Poorly-differentiated
16,856,S3,C3,Train,108.523,151.172,41.178,0.804,14.131,10.0,1.362,0.734,0.962,1533.538513,0.19599999999999995,0.36229200000000006,0.7076640011322624,1.243365588640483,2,1,Well-differentiated
17,856,S3,C4,Validation,103.771,144.512,42.206,0.732,14.237,9.895,1.476,0.677,0.95,1477.387727,0.268,0.47674799999999995,0.6950200182622743,1.3660371907783997,0,3,Poorly-differentiated
18,856,S3,C5,Train,100.465,160.714,40.881,0.755,15.654,8.662,1.779,0.562,0.92,1572.67911,0.245,0.7792019999999998,0.5533409991056599,1.3237877827897002,0,3,Poorly-differentiated
19,856,S3,C6,Train,89.36,173.961,36.576,0.839,12.239,10.0,1.08,0.926,0.94,1093.67704,0.16100000000000003,0.07991999999999995,0.8170602173380178,1.1913500662343481,2,1,Well-differentiated
20,856,S4,C1,Train,110.692,182.089,40.259,0.858,13.252,11.364,1.132,0.884,0.956,1466.890384,0.14200000000000002,0.13131199999999998,0.85753093872623,1.1651983686293237,2,1,Well-differentiated
21,856,S4,C2,Validation,136.725,193.522,44.394,0.872,14.524,12.473,1.157,0.864,0.959,1985.7939,0.128,0.15735200000000002,0.8587854585513633,1.147072212797723,2,1,Well-differentiated
22,856,S4,C3,Validation,97.056,157.779,62.527,0.312,14.478,9.668,1.576,0.634,0.894,1405.176768,0.688,0.576816,0.6677717916839342,3.205552775766593,0,3,Poorly-differentiated
23,856,S4,C4,Train,115.754,136.621,48.104,0.629,15.214,11.685,1.314,0.761,0.939,1761.0813560000001,0.371,0.314046,0.7680425923491521,1.5908033988260484,0,3,Poorly-differentiated
24,856,S4,C5,Train,106.715,145.336,54.022,0.46,14.087,9.954,1.435,0.697,0.951,1503.294205,0.54,0.4348050000000001,0.7066089302193512,2.176235970724573,0,3,Poorly-differentiated
25,856,S4,C6,Train,157.49,194.286,49.394,0.811,16.104,13.08,1.192,0.839,0.963,2536.21896,0.18899999999999995,0.19191200000000003,0.812220566318927,1.2327799085753086,2,1,Well-differentiated
26,881,S1,C1,Train,188.43,177.931,56.653,0.738,19.297,15.073,1.412,0.708,0.914,3636.13371,0.262,0.412304,0.7811058713789708,1.355457524158259,1,2,Moderately-differentiated
27,881,S1,C2,Validation,143.853,168.11,45.846,0.86,15.093,12.831,1.139,0.878,0.951,2171.173329,0.14,0.138958,0.8501291989664083,1.1627172421407788,2,1,Well-differentiated
28,881,S1,C3,Train,173.864,165.709,52.084,0.805,16.727,13.071,1.237,0.808,0.952,2908.223128,0.19499999999999995,0.23750399999999997,0.7814312189872661,1.2416212289508304,1,2,Moderately-differentiated
29,881,S1,C4,Validation,91.064,173.264,41.516,0.664,14.62,8.636,1.738,0.575,0.942,1331.35568,0.33599999999999997,0.73865,0.5906976744186047,1.5061714796632488,0,3,Poorly-differentiated
30,881,S1,C5,Train,142.665,164.883,46.735,0.821,16.071,12.292,1.295,0.772,0.959,2292.7692150000003,0.17900000000000005,0.29525999999999997,0.7648559517142679,1.2183082617090961,1,2,Moderately-differentiated
31,881,S2,C1,Train,283.006,166.791,67.742,0.775,20.486,18.642,1.025,0.976,0.963,5797.660916,0.22499999999999998,0.02460000000000002,0.9099873084057405,1.2903589008772745,1,2,Moderately-differentiated
32,881,S2,C2,Train,178.771,148.827,55.105,0.74,17.903,14.156,1.205,0.83,0.943,3200.5372129999996,0.26,0.20485000000000006,0.7907054683572586,1.3516837102464672,1,2,Moderately-differentiated
33,881,S2,C3,Train,143.233,159.879,48.727,0.758,16.2,11.545,1.371,0.729,0.959,2320.3746,0.242,0.371541,0.7126543209876544,1.319126348938142,2,1,Well-differentiated
34,881,S2,C4,Validation,77.531,135.574,34.468,0.82,11.245,9.545,1.063,0.941,0.935,871.836095,0.18000000000000005,0.06271700000000005,0.8488216985326812,1.2194020448300893,2,1,Well-differentiated
35,881,S2,C5,Train,91.632,163.236,47.89,0.502,13.877,9.743,1.431,0.699,0.951,1271.5772640000002,0.498,0.4307310000000001,0.7020969950277437,1.991739995086257,0,3,Poorly-differentiated
36,881,S3,C1,Train,158.006,173.192,57.598,0.598,20.429,10.733,1.942,0.515,0.948,3227.9045739999997,0.402,0.94187,0.525380586421264,1.670826536113496,0,3,Poorly-differentiated
37,881,S3,C2,Train,68.802,159.468,32.255,0.831,12.281,7.553,1.59,0.629,0.95,844.9573620000001,0.16900000000000004,0.58989,0.6150150639198761,1.2033256260540037,2,1,Well-differentiated
38,881,S3,C3,Train,205.372,157.668,60.043,0.716,18.659,14.908,1.212,0.825,0.957,3832.036148,0.28400000000000003,0.21210000000000004,0.7989710059488718,1.3969268666484895,1,2,Moderately-differentiated
39,881,S3,C4,Validation,76.911,194.541,39.523,0.619,12.629,8.2,1.532,0.653,0.933,971.309019,0.381,0.531604,0.6492992319265183,1.6162237435717428,0,3,Poorly-differentiated
40,881,S3,C5,Train,92.924,162.402,39.325,0.755,14.157,9.627,1.462,0.684,0.941,1315.5250680000001,0.245,0.4619919999999999,0.6800169527442255,1.324340627776551,2,1,Well-differentiated
41,881,S4,C1,Train,83.936,156.113,47.821,0.461,13.736,9.771,1.365,0.733,0.935,1152.9448960000002,0.5389999999999999,0.36445500000000003,0.7113424577751893,2.1680993246352416,0,3,Poorly-differentiated
42,881,S4,C2,Train,342.407,124.526,73.353,0.8,24.651,17.273,1.432,0.698,0.963,8440.674957,0.19999999999999996,0.43246400000000007,0.7007017970873393,1.2504987505104803,1,2,Moderately-differentiated
43,881,S4,C3,Validation,136.725,119.803,45.549,0.828,16.91,11.973,1.38,0.725,0.962,2312.01975,0.17200000000000004,0.3795,0.7080425783560024,1.20753547251147,2,1,Well-differentiated
44,881,S4,C4,Train,67.717,120.335,32.938,0.784,10.876,9.046,1.205,0.83,0.912,736.490092,0.21599999999999997,0.20485000000000006,0.8317396101507907,1.2749315739883875,2,1,Well-differentiated
45,881,S4,C5,Train,130.94,136.845,51.136,0.629,20.775,9.008,2.32,0.431,0.956,2720.2785,0.371,1.3200799999999997,0.4335980746089049,1.5891734690790364,0,3,Poorly-differentiated
46,881,S5,C1,Validation,92.2,169.162,37.876,0.808,14.027,9.545,1.339,0.747,0.924,1293.2894,0.19199999999999995,0.338767,0.6804733727810651,1.238190394834077,2,1,Well-differentiated
47,881,S5,C2,Train,151.911,148.605,50.912,0.736,17.422,12.121,1.504,0.665,0.949,2646.5934420000003,0.264,0.50384,0.6957295373665481,1.3578169609465616,0,3,Poorly-differentiated
48,881,S5,C3,Train,121.694,194.011,45.025,0.754,17.335,9.385,1.873,0.534,0.948,2109.56549,0.246,0.872818,0.5413902509374098,1.3256485852009312,0,3,Poorly-differentiated
49,881,S5,C4,Train,88.688,169.426,37.391,0.797,12.099,9.773,1.19,0.84,0.952,1073.036112,0.20299999999999996,0.19040000000000004,0.8077527068352756,1.2544675603411988,2,1,Well-differentiated
50,881,S5,C5,Train,115.599,173.63,44.97,0.718,16.176,10.368,1.548,0.646,0.931,1869.929424,0.28200000000000003,0.547992,0.6409495548961425,1.3921365438030984,0,3,Poorly-differentiated
51,1199,S1,C1,Train,82.076,118.685,35.858,0.802,11.897,10.0,1.198,0.834,0.93,976.458172,0.19799999999999995,0.19886800000000004,0.8405480373203328,1.2466544136483095,2,1,Well-differentiated
52,1199,S1,C2,Validation,131.87,194.137,47.29,0.741,14.524,12.273,1.169,0.855,0.946,1915.27988,0.259,0.16950500000000002,0.84501514734233,1.349530666449518,2,1,Well-differentiated
53,1199,S1,C3,Train,100.775,173.185,39.541,0.81,13.492,10.285,1.295,0.772,0.951,1359.6563,0.18999999999999995,0.29525999999999997,0.7623035873109991,1.2346180618172347,2,1,Well-differentiated
54,1199,S1,C4,Validation,102.118,158.932,45.599,0.617,13.638,9.749,1.405,0.712,0.957,1392.685284,0.383,0.40464000000000006,0.7148408857603755,1.6203113442091914,0,3,Poorly-differentiated
55,1199,S1,C5,Train,46.333,139.929,26.254,0.845,9.128,6.556,1.349,0.741,0.947,422.927624,0.15500000000000003,0.349391,0.7182296231375986,1.1838336397253313,2,1,Well-differentiated
56,1199,S2,C1,Train,56.302,185.698,34.446,0.596,9.589,7.955,1.165,0.858,0.951,539.8798780000001,0.404,0.16543000000000002,0.8295964125560538,1.6770418794446207,0,3,Poorly-differentiated
57,1199,S2,C2,Train,66.942,154.067,37.19,0.608,12.678,8.409,1.353,0.739,0.906,848.6906759999999,0.392,0.35313300000000003,0.6632749645054425,1.6441589815521076,0,3,Poorly-differentiated
58,1199,S2,C3,Train,37.603,142.236,25.465,0.729,9.057,6.364,1.404,0.712,0.894,340.570371,0.271,0.40435200000000004,0.7026609252511868,1.3723187662804988,2,1,Well-differentiated
59,1199,S2,C4,Train,73.915,190.148,34.418,0.784,11.741,9.01,1.341,0.745,0.931,867.8360150000001,0.21599999999999997,0.341955,0.7673963035516566,1.2753483224308448,2,1,Well-differentiated
60,1199,S2,C5,Validation,39.514,155.315,24.818,0.806,8.486,6.364,1.316,0.76,0.919,335.31580400000007,0.19399999999999995,0.31584,0.7499410794249352,1.2404312559932342,2,1,Well-differentiated
61,1199,S3,C1,Train,77.996,150.427,33.209,0.889,11.348,9.091,1.183,0.846,0.963,885.098608,0.11099999999999999,0.18218200000000004,0.801110327811068,1.1251991663620755,2,1,Well-differentiated
62,1199,S3,C2,Validation,64.618,189.65,32.987,0.746,12.182,7.5,1.617,0.618,0.937,787.176476,0.254,0.617694,0.615662452799212,1.3400538935210515,0,3,Poorly-differentiated
63,1199,S3,C3,Train,73.45,197.847,37.716,0.649,11.759,8.242,1.508,0.663,0.945,863.6985500000001,0.351,0.508196,0.700909941321541,1.5411666054056596,0,3,Poorly-differentiated
64,1199,S3,C4,Validation,82.386,152.202,36.35,0.784,11.927,9.961,1.158,0.864,0.948,982.6178219999999,0.21599999999999997,0.157488,0.8351639138090048,1.2762787809430054,2,1,Well-differentiated
65,1199,S3,C5,Train,54.184,171.902,32.413,0.648,11.715,7.21,1.701,0.588,0.907,634.7655599999999,0.352,0.7008120000000001,0.6154502774221084,1.5429701764487118,0,3,Poorly-differentiated
66,1199,S4,C1,Train,120.145,143.891,46.973,0.684,16.892,10.206,1.717,0.582,0.931,2029.4893399999999,0.31599999999999995,0.7177060000000001,0.6041913331754677,1.4614401351216575,0,3,Poorly-differentiated
67,1199,S4,C2,Train,172.624,132.147,52.853,0.777,17.651,14.545,1.15,0.869,0.936,3046.9862239999998,0.22299999999999998,0.15065,0.8240326327120276,1.2877401809743763,1,2,Moderately-differentiated
68,1199,S4,C3,Validation,67.252,159.974,35.311,0.678,11.931,7.928,1.567,0.638,0.926,802.3836119999999,0.32199999999999995,0.5672539999999999,0.6644874696169643,1.4753836467609378,0,3,Poorly-differentiated
69,1199,S4,C4,Train,54.029,112.494,32.736,0.634,9.927,8.573,1.134,0.882,0.852,536.345883,0.366,0.133812,0.8636043114737585,1.578390399244429,0,3,Poorly-differentiated
70,1199,S4,C5,Train,66.322,114.713,41.089,0.494,11.069,9.329,1.113,0.899,0.899,734.1182180000001,0.506,0.11241299999999997,0.8428042280242117,2.025739820711566,0,3,Poorly-differentiated
71,1199,S5,C1,Train,77.841,140.362,36.37,0.739,13.213,8.569,1.674,0.597,0.905,1028.513133,0.261,0.674622,0.6485279648830699,1.352285313926939,0,3,Poorly-differentiated
72,1199,S5,C2,Train,74.742,152.424,39.86,0.591,13.237,8.182,1.564,0.639,0.934,989.359854,0.40900000000000003,0.564604,0.6181158872856387,1.6916090887405202,0,3,Poorly-differentiated
73,1199,S5,C3,Train,62.913,156.436,35.521,0.627,10.227,8.93,1.113,0.898,0.924,643.411251,0.373,0.11352599999999997,0.8731788403246308,1.595953040222538,0,3,Poorly-differentiated
74,1199,S5,C4,Train,55.424,118.709,29.29,0.812,10.388,7.596,1.319,0.758,0.919,575.744512,0.18799999999999994,0.319198,0.7312283403927609,1.2317739446251055,2,1,Well-differentiated
75,1199,S5,C5,Train,47.934,106.457,26.348,0.868,9.709,6.364,1.403,0.713,0.949,465.39120599999995,0.132,0.40266100000000005,0.6554743021938407,1.152502228903705,2,1,Well-differentiated
76,1233,S1,C1,Validation,148.709,144.379,48.85,0.783,15.654,13.416,1.121,0.892,0.92,2327.890686,0.21699999999999997,0.12106799999999998,0.8570333461096206,1.276973894271394,2,1,Well-differentiated
77,1233,S1,C2,Train,231.198,148.297,62.124,0.753,20.51,15.909,1.318,0.759,0.936,4741.870980000001,0.247,0.31763800000000003,0.7756704046806435,1.3283878208648685,1,2,Moderately-differentiated
78,1233,S1,C3,Train,194.99,124.323,56.621,0.764,18.102,14.545,1.173,0.852,0.957,3529.7089800000003,0.236,0.17360400000000004,0.8035023754281295,1.308376898326889,1,2,Moderately-differentiated
79,1233,S1,C4,Train,91.219,141.097,39.503,0.735,13.369,9.455,1.416,0.706,0.939,1219.506811,0.265,0.416304,0.7072331513202185,1.3613349253611473,2,1,Well-differentiated
80,1233,S1,C5,Train,76.136,157.268,40.282,0.59,11.003,9.073,1.169,0.855,0.95,837.7244079999999,0.41000000000000003,0.16950500000000002,0.8245932927383441,1.69598548059315,0,3,Poorly-differentiated
81,1233,S1,C6,Train,63.585,180.062,38.649,0.535,12.319,7.216,1.841,0.543,0.912,783.303615,0.46499999999999997,0.8413369999999999,0.585761831317477,1.8694419474636061,0,3,Poorly-differentiated
82,1233,S1,C7,Validation,42.097,129.948,27.147,0.718,9.343,6.545,1.468,0.681,0.919,393.312271,0.28200000000000003,0.46829199999999993,0.7005244568125869,1.3931012261137423,0,3,Poorly-differentiated
83,1233,S2,C1,Train,97.211,118.471,40.775,0.735,13.087,9.545,1.359,0.736,0.955,1272.200357,0.265,0.35877600000000004,0.7293497363796133,1.3610142260465616,2,1,Well-differentiated
84,1233,S2,C2,Validation,73.915,113.869,34.93,0.761,12.239,8.182,1.559,0.642,0.939,904.6456850000002,0.239,0.558122,0.6685186698259662,1.3135745513471058,0,3,Poorly-differentiated
85,1233,S2,C3,Train,112.293,125.79,41.004,0.839,13.43,11.818,1.06,0.944,0.927,1508.09499,0.16100000000000003,0.05936000000000006,0.879970215934475,1.1914886266521032,2,1,Well-differentiated
86,1233,S2,C4,Train,90.134,125.256,42.314,0.633,15.515,8.334,1.918,0.521,0.918,1398.42901,0.367,0.9187219999999999,0.5371575894295842,1.5807735284901607,0,3,Poorly-differentiated
87,1233,S2,C5,Train,39.514,112.001,26.189,0.724,8.954,6.997,1.295,0.772,0.892,353.80835600000006,0.276,0.29525999999999997,0.781438463256645,1.3812648869331197,2,1,Well-differentiated
88,1233,S2,C6,Validation,45.661,112.497,26.166,0.838,9.791,7.187,1.305,0.766,0.909,447.06685100000004,0.16200000000000003,0.30537,0.7340414666530487,1.1932168882909084,2,1,Well-differentiated
89,1233,S3,C1,Train,76.963,191.397,39.003,0.636,13.016,8.131,1.592,0.628,0.934,1001.7504079999999,0.364,0.592224,0.6246926859250154,1.5729110880023571,0,3,Poorly-differentiated
90,1233,S3,C2,Validation,106.87,193.371,40.696,0.811,16.071,9.631,1.7,0.588,0.935,1717.5077700000002,0.18899999999999995,0.7004,0.5992782029743015,1.2332120959076545,0,3,Poorly-differentiated
91,1233,S3,C3,Train,71.333,170.137,34.667,0.746,12.103,8.448,1.488,0.672,0.924,863.343299,0.254,0.48806399999999994,0.6980087581591341,1.340701723582243,2,1,Well-differentiated
92,1233,S3,C4,Train,66.012,184.506,32.486,0.786,12.103,7.69,1.607,0.622,0.931,798.943236,0.21399999999999997,0.607446,0.635379657936049,1.2722126949415988,0,3,Poorly-differentiated
93,1233,S3,C5,Train,112.087,170.498,41.804,0.806,14.157,11.011,1.245,0.803,0.93,1586.815659,0.19399999999999995,0.24526499999999996,0.7777777777777777,1.2407108171658277,2,1,Well-differentiated
94,1233,S3,C6,Train,57.438,95.393,31.561,0.725,10.041,7.727,1.168,0.856,0.919,576.734958,0.275,0.168192,0.7695448660491983,1.3800421057904049,2,1,Well-differentiated
95,1233,S4,C1,Train,84.349,144.164,38.05,0.732,13.564,9.091,1.44,0.694,0.947,1144.109836,0.268,0.44064000000000003,0.6702300206428782,1.3659019342007834,2,1,Well-differentiated
96,1233,S4,C2,Train,142.614,147.953,46.768,0.819,14.667,12.88,1.116,0.896,0.953,2091.719538,0.18100000000000005,0.11606399999999999,0.8781618599577283,1.2204656788488708,2,1,Well-differentiated
97,1233,S4,C3,Train,71.074,152.935,35.019,0.728,11.192,9.744,1.047,0.955,0.925,795.460208,0.272,0.04711500000000004,0.8706218727662616,1.3730515998594315,2,1,Well-differentiated
98,1233,S4,C4,Validation,88.378,162.038,40.172,0.688,13.836,10.298,1.252,0.799,0.906,1222.798008,0.31200000000000006,0.25165199999999993,0.7442902572997976,1.4530912071093114,2,1,Well-differentiated
99,1233,S4,C5,Train,70.971,138.614,33.357,0.802,11.391,8.456,1.371,0.729,0.936,808.430661,0.19799999999999995,0.371541,0.7423404442103414,1.2476224509626987,2,1,Well-differentiated
100,1233,S4,C6,Train,72.676,155.49,36.904,0.671,12.239,8.601,1.56,0.641,0.909,889.481564,0.32899999999999996,0.56004,0.7027534929324292,1.491234707118137,0,3,Poorly-differentiated
101,1349,S1,C1,Train,392.252,172.056,75.591,0.863,23.623,21.818,1.019,0.981,0.958,9266.168996,0.137,0.019361000000000017,0.9235914151462558,1.1592180924439974,1,2,Moderately-differentiated
102,1349,S1,C2,Train,125.517,142.865,44.068,0.812,14.759,10.909,1.284,0.779,0.968,1852.505403,0.18799999999999994,0.28376399999999996,0.7391422183074734,1.2312160461842943,2,1,Well-differentiated
103,1349,S1,C3,Validation,73.399,140.241,35.705,0.724,13.824,7.96,1.955,0.511,0.933,1014.667776,0.276,0.955995,0.5758101851851852,1.3821591964110345,0,3,Poorly-differentiated
104,1349,S1,C4,Train,109.711,141.682,46.584,0.635,13.64,10.672,1.213,0.824,0.96,1496.45804,0.365,0.21348800000000007,0.7824046920821115,1.574031852381088,0,3,Poorly-differentiated
105,1349,S1,C5,Validation,90.806,138.728,43.271,0.609,13.731,9.318,1.496,0.669,0.947,1246.857186,0.391,0.49517599999999995,0.6786104435219575,1.640852164938384,0,3,Poorly-differentiated
106,1349,S1,C6,Train,139.153,157.873,47.835,0.764,15.288,11.461,1.333,0.75,0.968,2127.371064,0.236,0.33325,0.7496729461015176,1.308546375494876,2,1,Well-differentiated
107,1349,S1,C7,Train,36.157,129.314,23.895,0.796,8.492,5.909,1.441,0.694,0.943,307.045244,0.20399999999999996,0.4409460000000001,0.695831370701837,1.2566427108304914,2,1,Well-differentiated
108,1349,S1,C8,Train,248.812,145.095,61.324,0.831,20.12,16.136,1.231,0.812,0.967,5006.0974400000005,0.16900000000000004,0.23142799999999994,0.8019880715705765,1.2027621804510733,1,2,Moderately-differentiated
109,1349,S1,C9,Train,95.041,141.353,47.564,0.528,13.515,10.349,1.38,0.725,0.889,1284.479115,0.472,0.3795,0.7657417684054754,1.8942438226856542,0,3,Poorly-differentiated
110,1349,S2,C1,Train,164.411,196.873,48.061,0.894,16.477,14.091,1.072,0.933,0.949,2709.000047,0.10599999999999998,0.07182399999999994,0.8551920859379741,1.118007896205291,1,2,Moderately-differentiated
111,1349,S2,C2,Train,96.798,180.051,41.712,0.699,12.8,9.545,1.261,0.793,0.958,1239.0144,0.30100000000000005,0.26102699999999995,0.7457031249999999,1.4303613926859238,2,1,Well-differentiated
112,1349,S2,C3,Validation,283.833,184.439,66.466,0.807,24.604,15.455,1.604,0.623,0.956,6983.427132000001,0.19299999999999995,0.604708,0.6281498943261259,1.2385864794061765,1,2,Moderately-differentiated
113,1349,S2,C4,Train,217.872,157.164,65.126,0.646,19.969,14.464,1.373,0.728,0.946,4350.685968000001,0.354,0.373456,0.7243227001852872,1.5491644618743565,1,2,Moderately-differentiated
114,1349,S2,C5,Train,214.463,172.12,55.403,0.878,18.102,15.455,1.116,0.896,0.96,3882.209226,0.122,0.11606399999999999,0.8537730637498618,1.1389491186717515,1,2,Moderately-differentiated
115,1349,S2,C6,Train,113.275,137.019,40.231,0.879,14.952,10.455,1.428,0.7,0.945,1693.6878000000002,0.121,0.42840000000000006,0.6992375601926164,1.1370451774985175,2,1,Well-differentiated
116,1349,S2,C7,Validation,263.843,136.997,62.899,0.838,21.091,16.408,1.242,0.805,0.951,5564.712713000001,0.16200000000000003,0.24218999999999993,0.7779621639561899,1.193251643715239,1,2,Moderately-differentiated
117,1349,S2,C8,Train,75.981,152.142,38.558,0.642,12.873,8.531,1.525,0.656,0.911,978.1034129999999,0.358,0.5246,0.6627048861959141,1.557091481890465,0,3,Poorly-differentiated
118,1349,S3,C1,Train,183.11,145.122,51.478,0.868,16.746,14.624,1.119,0.894,0.96,3066.36006,0.132,0.11861399999999998,0.8732831721008003,1.1516523667342735,1,2,Moderately-differentiated
119,1349,S3,C2,Train,188.275,147.695,57.845,0.707,18.302,14.409,1.258,0.795,0.96,3445.80905,0.29300000000000004,0.25788999999999995,0.7872910064473828,1.4142595840707777,1,2,Moderately-differentiated
120,1349,S3,C3,Train,131.353,138.963,45.478,0.798,15.28,12.045,1.243,0.805,0.959,2007.07384,0.20199999999999996,0.24238499999999996,0.7882853403141361,1.2530051455654565,2,1,Well-differentiated
121,1349,S3,C4,Train,77.221,167.565,34.399,0.82,11.213,9.642,1.104,0.906,0.948,865.879073,0.18000000000000005,0.10377599999999998,0.859894765004905,1.219400446486678,2,1,Well-differentiated
122,1349,S3,C5,Train,175.981,171.116,56.618,0.69,19.118,11.989,1.608,0.622,0.96,3364.4047579999997,0.31000000000000005,0.607824,0.6271053457474632,1.449550676407447,0,3,Poorly-differentiated
123,1349,S3,C6,Validation,263.895,161.276,63.392,0.825,23.829,15.132,1.585,0.631,0.965,6288.353955,0.17500000000000004,0.584865,0.6350245499181669,1.2117914444496918,1,2,Moderately-differentiated
124,1349,S3,C7,Validation,130.63,163.351,46.294,0.766,15.655,11.787,1.27,0.787,0.945,2045.01265,0.23399999999999999,0.27051,0.7529223890130949,1.3055593630860491,2,1,Well-differentiated
125,1349,S3,C8,Train,134.711,157.196,48.325,0.725,16.827,10.455,1.617,0.619,0.961,2266.7819970000005,0.275,0.616077,0.6213228739525761,1.3795288946302013,0,3,Poorly-differentiated
126,1422,S1,C1,Train,118.44,142.277,43.938,0.771,15.308,10.709,1.316,0.76,0.952,1813.07952,0.22899999999999998,0.31584,0.6995688528873791,1.2970965562647807,2,1,Well-differentiated
127,1422,S1,C2,Train,87.81,136.123,37.212,0.797,12.8,9.082,1.376,0.727,0.936,1123.968,0.20299999999999996,0.375648,0.7095312500000001,1.2549088537740165,2,1,Well-differentiated
128,1422,S1,C3,Train,90.702,132.181,37.985,0.79,11.925,10.0,1.154,0.867,0.951,1081.6213500000001,0.20999999999999996,0.153482,0.8385744234800838,1.2658945613075472,2,1,Well-differentiated
129,1422,S1,C4,Train,76.55,142.402,36.28,0.731,12.233,8.607,1.364,0.733,0.928,936.43615,0.269,0.36418800000000007,0.7035886536417885,1.3682942367561555,2,1,Well-differentiated
130,1422,S1,C5,Train,75.052,141.399,35.094,0.766,11.146,9.091,1.178,0.849,0.954,836.5295920000001,0.23399999999999999,0.177878,0.8156289251749506,1.3058509507154614,2,1,Well-differentiated
131,1422,S2,C1,Train,101.756,133.777,43.132,0.687,14.862,9.312,1.595,0.627,0.957,1512.297672,0.31299999999999994,0.594935,0.6265643924101736,1.4548871310125304,0,3,Poorly-differentiated
132,1422,S2,C2,Validation,63.533,134.215,30.641,0.85,10.023,8.634,1.085,0.922,0.961,636.791259,0.15000000000000002,0.08462999999999996,0.8614187369051183,1.1759710830292338,2,1,Well-differentiated
133,1422,S2,C3,Train,44.835,129.308,27.798,0.729,9.417,6.945,1.353,0.739,0.947,422.211195,0.271,0.35313300000000003,0.7374960178400765,1.3715134250706849,2,1,Well-differentiated
134,1422,S2,C4,Train,52.324,166.047,33.285,0.593,11.284,6.548,1.613,0.62,0.935,590.424016,0.40700000000000003,0.61294,0.5802906770648706,1.6849472982463611,0,3,Poorly-differentiated
135,1422,S2,C5,Validation,123.089,152.93,45.617,0.743,16.546,9.501,1.779,0.562,0.968,2036.630594,0.257,0.7792019999999998,0.5742173334945002,1.345316081400904,0,3,Poorly-differentiated
136,1422,S3,C1,Train,111.312,151.718,44.932,0.693,14.501,10.011,1.419,0.705,0.985,1614.1353119999999,0.30700000000000005,0.41860500000000006,0.6903661816426453,1.4433100988295178,0,3,Poorly-differentiated
137,1422,S3,C2,Train,51.343,156.015,31.71,0.642,9.165,7.469,1.217,0.822,0.978,470.55859499999997,0.358,0.21662600000000007,0.814948172394981,1.5584805223012805,0,3,Poorly-differentiated
138,1422,S3,C3,Validation,70.868,159.098,34.804,0.735,12.147,9.045,1.235,0.81,0.976,860.833596,0.265,0.23464999999999994,0.7446283032847616,1.3601859341638316,2,1,Well-differentiated
139,1422,S3,C4,Train,96.281,114.336,39.967,0.757,13.133,10.341,1.207,0.829,0.971,1264.458373,0.243,0.20639700000000005,0.7874057717200944,1.3202392643252716,2,1,Well-differentiated
140,1422,S3,C5,Train,63.74,122.763,30.576,0.857,10.391,8.643,1.19,0.84,0.959,662.32234,0.14300000000000002,0.19040000000000004,0.8317774997594073,1.1671842438528472,2,1,Well-differentiated
141,1422,S4,C1,Train,98.605,178.682,40.34,0.761,12.292,10.69,1.125,0.889,0.966,1212.05266,0.239,0.12487499999999999,0.8696713309469574,1.313297103141593,2,1,Well-differentiated
142,1422,S4,C2,Validation,182.076,141.828,52.77,0.822,17.22,13.182,1.285,0.778,0.975,3135.3487199999995,0.17800000000000005,0.28526999999999997,0.7655052264808363,1.2170589669397485,1,2,Moderately-differentiated
143,1422,S4,C3,Train,95.816,152.059,40.746,0.725,13.686,9.869,1.352,0.739,0.95,1311.337776,0.275,0.352872,0.7211018559111501,1.3788659943175807,2,1,Well-differentiated
144,1422,S4,C4,Validation,89.618,175.711,37.508,0.8,12.009,10.0,1.102,0.908,0.972,1076.222562,0.19999999999999996,0.10138399999999997,0.8327088017320343,1.2492308569414032,2,1,Well-differentiated
145,1422,S4,C5,Validation,55.579,158.632,30.271,0.762,9.762,7.42,1.301,0.768,0.954,542.5621980000001,0.238,0.301832,0.7600901454619955,1.3119973070364312,2,1,Well-differentiated
146,1422,S5,C1,Train,74.845,100.111,37.137,0.682,12.292,8.182,1.489,0.671,0.955,919.99474,0.31799999999999995,0.48988099999999996,0.6656361861373251,1.4663612605050254,0,3,Poorly-differentiated
147,1422,S5,C2,Train,83.936,164.965,38.81,0.7,11.18,10.0,1.05,0.952,0.97,938.40448,0.30000000000000004,0.05040000000000005,0.8944543828264758,1.4280031076033914,0,3,Poorly-differentiated
148,1422,S5,C3,Train,103.357,103.925,40.153,0.806,13.515,10.305,1.26,0.794,0.964,1396.8698550000001,0.19399999999999995,0.25955999999999996,0.762486126526082,1.2413271046399381,2,1,Well-differentiated
149,1422,S5,C4,Train,109.143,95.347,42.581,0.756,13.781,10.909,1.221,0.819,0.961,1504.0996830000001,0.244,0.2210010000000001,0.7915971264784849,1.3219832786276047,2,1,Well-differentiated
150,1422,S5,C5,Train,66.736,108.189,34.613,0.7,11.474,8.714,1.331,0.751,0.925,765.728864,0.30000000000000004,0.33141899999999996,0.7594561617570159,1.4285927711870974,2,1,Well-differentiated
151,1563,S1,C1,Validation,54.804,157.227,30.536,0.739,10.565,7.312,1.422,0.703,0.924,579.00426,0.261,0.42233400000000004,0.6920965451964033,1.3539485834160983,2,1,Well-differentiated
152,1563,S1,C2,Train,93.182,180.563,40.841,0.702,12.856,9.554,1.323,0.756,0.934,1197.947792,0.29800000000000004,0.322812,0.7431549471064095,1.4244619174602404,2,1,Well-differentiated
153,1563,S1,C3,Train,113.378,156.303,42.986,0.771,15.815,9.545,1.699,0.589,0.956,1793.07307,0.22899999999999998,0.698289,0.6035409421435346,1.2969266454682595,0,3,Poorly-differentiated
154,1563,S1,C4,Train,97.056,182.561,39.155,0.796,13.237,9.964,1.269,0.788,0.946,1284.730272,0.20399999999999996,0.26902799999999993,0.7527385359220368,1.2570200472009028,2,1,Well-differentiated
155,1563,S1,C5,Train,53.306,137.141,28.664,0.815,10.778,7.249,1.476,0.677,0.927,574.532068,0.18500000000000005,0.47674799999999995,0.672573761365745,1.2265567062409901,2,1,Well-differentiated
156,1563,S2,C1,Validation,62.242,160.056,30.949,0.817,9.559,8.636,1.016,0.984,0.964,594.971278,0.18300000000000005,0.016256000000000013,0.903441782613244,1.2246157445395542,2,1,Well-differentiated
157,1563,S2,C2,Validation,72.056,166.99,34.841,0.746,10.602,9.249,1.127,0.887,0.963,763.937712,0.254,0.127351,0.8723825693265422,1.340606156094394,2,1,Well-differentiated
158,1563,S2,C3,Train,87.655,170.944,40.848,0.66,12.957,9.545,1.415,0.707,0.931,1135.7458350000002,0.33999999999999997,0.41459500000000005,0.7366674384502585,1.5147990944189373,2,1,Well-differentiated
159,1563,S2,C4,Train,69.267,148.358,35.966,0.673,10.684,8.864,1.235,0.81,0.921,740.0486279999999,0.32699999999999996,0.23464999999999994,0.8296518157993262,1.4861000110407674,2,1,Well-differentiated
160,1563,S2,C5,Train,107.18,199.638,43.719,0.705,13.759,10.455,1.338,0.747,0.928,1474.68962,0.29500000000000004,0.33851400000000004,0.7598662693509702,1.4191124903274608,2,1,Well-differentiated
161,1563,S3,C1,Validation,116.167,139.303,50.507,0.572,15.831,10.495,1.606,0.623,0.917,1839.039777,0.42800000000000005,0.6054620000000001,0.6629398016549807,1.7474731376529662,0,3,Poorly-differentiated
162,1563,S3,C2,Validation,77.841,144.726,37.457,0.697,11.7,9.091,1.238,0.807,0.934,910.7396999999999,0.30300000000000005,0.23893399999999992,0.777008547008547,1.4343254731375257,2,1,Well-differentiated
163,1563,S3,C3,Train,275.826,140.798,69.591,0.716,22.326,17.517,1.244,0.804,0.947,6158.091276000001,0.28400000000000003,0.24382399999999993,0.7846009137328674,1.3972080817379078,1,2,Moderately-differentiated
164,1563,S3,C4,Train,109.814,166.426,42.623,0.76,13.423,11.22,1.172,0.853,0.955,1474.033322,0.24,0.17228400000000002,0.835878715637339,1.3164987558275618,2,1,Well-differentiated
165,1563,S3,C5,Train,115.961,169.818,42.428,0.81,14.266,10.901,1.281,0.781,0.951,1654.299626,0.18999999999999995,0.2805389999999999,0.7641244917986821,1.2353308990403604,2,1,Well-differentiated
166,1563,S4,C1,Train,60.072,154.199,31.61,0.755,10.877,7.528,1.379,0.725,0.944,653.4031440000001,0.245,0.37922500000000003,0.6921026018203548,1.323631324189068,2,1,Well-differentiated
167,1563,S4,C2,Train,48.657,152.379,29.656,0.695,11.186,5.727,1.918,0.521,0.977,544.277202,0.30500000000000005,0.9187219999999999,0.511979259789022,1.4383678043923258,0,3,Poorly-differentiated
168,1563,S4,C3,Train,78.409,167.487,34.595,0.823,10.536,9.645,1.038,0.963,0.983,826.1172240000001,0.17700000000000005,0.03840600000000004,0.9154328018223234,1.2146492624600311,2,1,Well-differentiated
169,1563,S4,C4,Train,120.041,199.497,44.255,0.77,14.331,11.705,1.253,0.798,0.965,1720.3075709999998,0.22999999999999998,0.25310599999999994,0.816760868048287,1.2983303862807962,2,1,Well-differentiated
170,1563,S4,C5,Validation,58.729,154.432,31.31,0.753,11.023,7.356,1.504,0.665,0.943,647.369767,0.247,0.50384,0.6673319423024585,1.3283229163408943,2,1,Well-differentiated
171,1563,S5,C1,Train,118.543,152.458,43.765,0.778,14.659,11.07,1.302,0.768,0.968,1737.7218370000003,0.22199999999999998,0.302064,0.7551674739068149,1.2857842088292906,2,1,Well-differentiated
172,1563,S5,C2,Train,90.754,149.742,37.658,0.804,12.281,10.157,1.167,0.857,0.962,1114.549874,0.19599999999999995,0.16688100000000003,0.8270499145020763,1.2434801658473242,2,1,Well-differentiated
173,1563,S5,C3,Train,115.496,155.445,47.82,0.635,15.877,8.864,1.746,0.573,0.972,1833.729992,0.365,0.745542,0.558291868740946,1.5755868085788907,0,3,Poorly-differentiated
174,1563,S5,C4,Validation,101.756,146.902,40.655,0.774,15.007,9.271,1.623,0.616,0.96,1527.052292,0.22599999999999998,0.623232,0.6177783700939562,1.2925818104805016,0,3,Poorly-differentiated
175,1563,S5,C5,Train,72.366,190.966,36.752,0.673,13.318,8.169,1.605,0.623,0.939,963.7703879999999,0.32699999999999996,0.605085,0.6133803874455624,1.4853114324600103,0,3,Poorly-differentiated
176,1846,S1,C1,Train,46.643,136.57,30.38,0.635,10.01,5.997,1.632,0.613,0.93,466.89643,0.365,0.6315839999999999,0.5991008991008991,1.5746324578069966,0,3,Poorly-differentiated
177,1846,S1,C2,Train,58.781,118.89,30.901,0.774,10.72,6.928,1.561,0.64,0.949,630.13232,0.22599999999999998,0.5619599999999999,0.6462686567164179,1.2927014439037325,2,1,Well-differentiated
178,1846,S1,C3,Train,61.622,118.331,34.5,0.651,12.746,7.714,1.688,0.592,0.872,785.434012,0.349,0.688704,0.6052094774831319,1.5370660723047649,2,1,Well-differentiated
179,1846,S1,C4,Train,75.0,118.652,36.171,0.72,13.168,8.599,1.561,0.641,0.953,987.5999999999999,0.28,0.560399,0.6530224787363306,1.3881931717075646,0,3,Poorly-differentiated
180,1846,S1,C5,Train,103.616,159.958,46.457,0.603,13.478,10.427,1.277,0.783,0.935,1396.536448,0.397,0.27710899999999994,0.7736311025374685,1.657546177040785,0,3,Poorly-differentiated
181,1846,S2,C1,Train,218.75,118.641,60.22,0.758,21.669,15.883,1.266,0.79,0.924,4740.09375,0.242,0.26586,0.7329826018736443,1.3192392885204456,1,2,Moderately-differentiated
182,1846,S2,C2,Train,100.671,118.063,39.841,0.797,13.463,10.493,1.235,0.81,0.96,1355.333673,0.20299999999999996,0.23464999999999994,0.779395379930179,1.2547182488850808,2,1,Well-differentiated
183,1846,S2,C3,Train,82.8,118.153,37.148,0.754,12.826,8.271,1.57,0.637,0.962,1061.9928,0.246,0.56991,0.6448619990644004,1.3262661120737964,0,3,Poorly-differentiated
184,1846,S2,C4,Validation,113.895,115.618,44.499,0.723,15.641,10.253,1.567,0.638,0.97,1781.431695,0.277,0.5672539999999999,0.6555207467553226,1.3835217148555492,0,3,Poorly-differentiated
185,1846,S2,C5,Train,98.76,120.211,40.845,0.744,14.773,10.59,1.293,0.774,0.941,1458.9814800000001,0.256,0.292218,0.7168483043389968,1.3442710799325932,2,1,Well-differentiated
186,1846,S3,C1,Train,105.94,108.479,42.989,0.72,14.889,9.901,1.55,0.645,0.953,1577.3406599999998,0.28,0.55025,0.6649875747195917,1.3881770268949294,0,3,Poorly-differentiated
187,1846,S3,C2,Validation,110.227,116.418,40.712,0.836,14.224,10.462,1.363,0.734,0.95,1567.868848,0.16400000000000003,0.362558,0.7355174353205849,1.1965945600851775,2,1,Well-differentiated
188,1846,S3,C3,Train,128.306,109.863,44.393,0.818,15.885,11.143,1.327,0.754,0.958,2038.14081,0.18200000000000005,0.326442,0.7014793830657854,1.2222840931040055,2,1,Well-differentiated
189,1846,S3,C4,Train,76.085,109.409,37.136,0.693,12.533,9.097,1.379,0.725,0.855,953.5733049999999,0.30700000000000005,0.37922500000000003,0.7258437724407564,1.4423854647427812,2,1,Well-differentiated
190,1846,S3,C5,Train,76.653,110.592,35.051,0.784,11.77,8.505,1.37,0.73,0.963,902.20581,0.21599999999999997,0.36990000000000006,0.7225998300764657,1.275445203686854,2,1,Well-differentiated
191,1846,S4,C1,Train,104.39,134.716,40.162,0.813,15.563,9.838,1.49,0.671,0.957,1624.62157,0.18700000000000006,0.4902099999999999,0.6321403328407119,1.2295944720367373,2,1,Well-differentiated
192,1846,S4,C2,Validation,150.93,143.142,52.113,0.698,16.916,11.576,1.586,0.631,0.91,2553.1318800000004,0.30200000000000005,0.585234,0.6843225348782218,1.4318802996792197,0,3,Poorly-differentiated
193,1846,S4,C3,Train,141.374,94.856,49.575,0.723,17.689,10.601,1.695,0.59,0.961,2500.764686,0.277,0.6949500000000001,0.5992989993781447,1.3833944714372122,2,1,Well-differentiated
194,1846,S4,C4,Train,117.665,135.839,42.869,0.805,16.294,9.52,1.696,0.59,0.969,1917.2335100000003,0.19499999999999995,0.69536,0.5842641463115257,1.2428809817958593,0,3,Poorly-differentiated
195,1846,S4,C5,Validation,86.57,145.126,37.516,0.773,12.721,9.252,1.261,0.793,0.965,1101.25697,0.22699999999999998,0.26102699999999995,0.7273013127898751,1.2937661164280556,2,1,Well-differentiated
196,1846,S5,C1,Validation,189.514,136.501,53.89,0.82,17.584,15.053,1.149,0.87,0.95,3332.414176,0.18000000000000005,0.14937,0.856062329390355,1.2194533889497516,1,2,Moderately-differentiated
197,1846,S5,C2,Validation,68.698,122.349,33.544,0.767,11.192,8.035,1.385,0.722,0.927,768.8680159999999,0.23299999999999998,0.38503000000000004,0.7179235167977126,1.3033940710143255,2,1,Well-differentiated
198,1846,S5,C3,Train,71.591,127.81,36.363,0.68,14.876,6.564,2.407,0.415,0.96,1064.9877159999999,0.31999999999999995,1.4080949999999999,0.44124764721699383,1.4697758903175149,0,3,Poorly-differentiated
199,1846,S5,C4,Validation,143.182,119.504,47.596,0.794,17.081,11.32,1.501,0.666,0.992,2445.6917419999995,0.20599999999999996,0.501334,0.6627246648322698,1.2590489733487535,2,1,Well-differentiated
200,1846,S5,C5,Train,78.512,133.414,35.49,0.783,11.366,9.545,1.095,0.913,0.938,892.367392,0.21699999999999997,0.09526499999999996,0.8397853246524724,1.276633081168867,2,1,Well-differentiated
201,1847,S1,C1,Train,110.589,174.918,41.88,0.792,13.969,10.709,1.233,0.811,0.96,1544.8177409999998,0.20799999999999996,0.23303699999999994,0.7666261006514424,1.2620935609279298,2,1,Well-differentiated
202,1847,S1,C2,Validation,117.975,186.297,44.871,0.736,17.035,9.091,1.867,0.535,0.961,2009.704125,0.264,0.8681549999999999,0.533665981802172,1.3580996794625946,0,3,Poorly-differentiated
203,1847,S1,C3,Train,103.977,173.128,44.103,0.672,15.877,9.259,1.673,0.598,0.915,1650.8428290000002,0.32799999999999996,0.6725460000000001,0.5831706241733325,1.4886380579593834,0,3,Poorly-differentiated
204,1847,S1,C4,Validation,148.605,168.568,50.009,0.747,15.476,13.254,1.139,0.878,0.956,2299.8109799999997,0.253,0.138958,0.8564228482812095,1.3392234785844068,1,2,Moderately-differentiated
205,1847,S1,C5,Train,127.066,162.211,45.279,0.779,15.05,11.891,1.214,0.823,0.96,1912.3433000000002,0.22099999999999997,0.21487800000000004,0.7900996677740864,1.283968682267683,2,1,Well-differentiated
206,1847,S2,C1,Validation,208.678,161.313,55.521,0.851,17.487,15.901,1.032,0.969,0.97,3649.152186,0.14900000000000002,0.03199200000000003,0.9093040544404416,1.1755146058005344,1,2,Moderately-differentiated
207,1847,S2,C2,Train,110.176,172.258,43.728,0.724,13.644,11.362,1.217,0.821,0.954,1503.241344,0.276,0.21784300000000006,0.8327469950161243,1.3810912178122798,2,1,Well-differentiated
208,1847,S2,C3,Train,168.13,170.009,49.635,0.858,16.505,13.721,1.196,0.836,0.97,2774.9856499999996,0.14200000000000002,0.19614400000000004,0.8313238412602242,1.1660602085415377,1,2,Moderately-differentiated
209,1847,S2,C4,Train,86.519,157.433,38.286,0.742,12.65,10.168,1.245,0.803,0.92,1094.4653500000002,0.258,0.24526499999999996,0.803794466403162,1.3482133861086436,2,1,Well-differentiated
210,1847,S2,C5,Train,155.062,170.151,48.71,0.821,16.104,12.795,1.261,0.793,0.965,2497.118448,0.17900000000000005,0.26102699999999995,0.7945230998509687,1.217645908770953,1,2,Moderately-differentiated
211,1847,S3,C1,Train,128.048,156.766,44.425,0.815,15.288,10.642,1.353,0.739,0.963,1957.5978240000002,0.18500000000000005,0.35313300000000003,0.6961015175300889,1.2265131515491932,2,1,Well-differentiated
212,1847,S3,C2,Validation,88.533,166.937,37.766,0.78,12.481,9.091,1.318,0.759,0.961,1104.980373,0.21999999999999997,0.31763800000000003,0.7283871484656678,1.281996775240953,2,1,Well-differentiated
213,1847,S3,C3,Train,152.634,165.8,50.569,0.75,15.963,13.505,1.048,0.955,0.95,2436.496542,0.25,0.04716000000000004,0.8460189187496086,1.3332376867382025,1,2,Moderately-differentiated
214,1847,S3,C4,Train,108.264,164.27,39.908,0.854,13.997,10.671,1.324,0.755,0.967,1515.371208,0.14600000000000002,0.32438,0.7623776523540758,1.170647101775819,2,1,Well-differentiated
215,1847,S3,C5,Train,76.756,164.191,36.529,0.723,14.175,7.5,1.949,0.513,0.94,1088.0163,0.277,0.949163,0.5291005291005291,1.3834178292121158,0,3,Poorly-differentiated
216,1847,S4,C1,Train,36.002,186.135,25.393,0.702,8.878,5.606,1.566,0.639,0.982,319.625756,0.29800000000000004,0.565326,0.6314485244424419,1.425251588606132,0,3,Poorly-differentiated
217,1847,S4,C2,Train,84.143,194.132,34.903,0.868,11.942,8.788,1.306,0.766,0.981,1004.8357060000001,0.132,0.305604,0.7358901356556691,1.1521198478354548,2,1,Well-differentiated
218,1847,S4,C3,Train,52.479,207.376,29.003,0.784,9.586,7.109,1.337,0.748,0.977,503.063694,0.21599999999999997,0.336924,0.7416023367410807,1.2755292739264892,2,1,Well-differentiated
219,1847,S4,C4,Validation,56.353,175.405,30.322,0.77,11.749,6.579,1.83,0.547,0.987,662.091397,0.22999999999999998,0.82899,0.5599625500042557,1.298341029797533,0,3,Poorly-differentiated
220,1847,S4,C5,Train,77.066,184.013,33.337,0.871,12.267,8.094,1.482,0.675,0.981,945.368622,0.129,0.4816499999999999,0.6598190266568843,1.147573069440843,2,1,Well-differentiated
221,1847,S5,C1,Validation,131.405,165.086,44.426,0.837,15.51,12.347,1.268,0.789,0.955,2038.09155,0.16300000000000003,0.26754799999999995,0.796067053513862,1.1952332602830598,2,1,Well-differentiated
222,1847,S5,C2,Train,130.579,164.096,48.45,0.699,18.869,9.21,2.111,0.474,0.958,2463.895151,0.30100000000000005,1.110386,0.488102178175844,1.430554343735489,0,3,Poorly-differentiated
223,1847,S5,C3,Train,85.021,171.448,35.395,0.853,12.207,9.544,1.225,0.816,0.954,1037.851347,0.14700000000000002,0.22540000000000007,0.7818464815269927,1.172594250914825,2,1,Well-differentiated
224,1847,S5,C4,Train,103.926,181.902,40.249,0.806,13.252,11.068,1.126,0.888,0.954,1377.227352,0.19399999999999995,0.12611199999999997,0.8351946875943254,1.240441002150808,2,1,Well-differentiated
225,1847,S5,C5,Train,88.275,158.848,38.69,0.741,14.988,9.16,1.606,0.623,0.942,1323.0657,0.259,0.6054620000000001,0.6111555911395784,1.3494284718710954,0,3,Poorly-differentiated
226,2198,S1,C1,Train,346.488,163.321,77.764,0.72,23.629,19.318,1.15,0.869,0.981,8187.164952,0.28,0.15065,0.8175546997333785,1.388862081341822,1,2,Moderately-differentiated
227,2198,S1,C2,Train,270.3,157.925,67.74,0.74,23.571,15.617,1.546,0.647,0.963,6371.241300000001,0.26,0.545738,0.6625514403292181,1.3509350664878794,1,2,Moderately-differentiated
228,2198,S1,C3,Validation,376.911,151.58,78.386,0.771,24.079,20.455,1.127,0.887,0.979,9075.639969,0.22899999999999998,0.127351,0.8494954109389924,1.2972638915741563,1,2,Moderately-differentiated
229,2198,S1,C4,Train,372.314,165.72,78.603,0.757,24.867,19.672,1.281,0.781,0.967,9258.332238,0.243,0.2805389999999999,0.7910885913057466,1.3205626583039614,1,2,Moderately-differentiated
230,2198,S1,C5,Train,71.229,161.453,32.339,0.856,12.365,8.545,1.439,0.695,0.943,880.746585,0.14400000000000002,0.4388950000000001,0.6910634856449656,1.1683863146796787,2,1,Well-differentiated
231,2198,S2,C1,Train,247.572,157.179,64.647,0.744,22.508,17.232,1.401,0.714,0.929,5572.350576,0.256,0.40068600000000004,0.7655944553047805,1.3433381932590813,1,2,Moderately-differentiated
232,2198,S2,C2,Validation,203.048,147.712,53.785,0.882,16.983,15.672,1.046,0.956,0.975,3448.364184,0.118,0.046024000000000044,0.9228051580992758,1.1337407736461758,1,2,Moderately-differentiated
233,2198,S2,C3,Train,310.434,137.635,71.946,0.754,23.819,16.271,1.464,0.683,0.956,7394.227446,0.246,0.4640879999999999,0.6831101221713759,1.3268876802262588,1,2,Moderately-differentiated
234,2198,S2,C4,Validation,244.576,140.948,61.394,0.815,20.642,16.343,1.279,0.782,0.972,5048.537792,0.18500000000000005,0.27882199999999996,0.7917352969673481,1.2263887495629775,1,2,Moderately-differentiated
235,2198,S2,C5,Train,338.12,185.441,73.747,0.781,26.001,17.106,1.531,0.653,0.974,8791.458120000001,0.21899999999999997,0.531257,0.6578977731625707,1.2799941707542266,1,2,Moderately-differentiated
236,2198,S3,C1,Train,190.238,160.501,53.195,0.845,19.096,13.955,1.343,0.745,0.982,3632.784848,0.15500000000000003,0.342465,0.7307813154587348,1.1836804941324932,1,2,Moderately-differentiated
237,2198,S3,C2,Train,262.603,144.333,63.335,0.823,22.274,15.81,1.372,0.729,0.952,5849.219222000001,0.17700000000000005,0.37181200000000003,0.709796174912454,1.2155644841131479,1,2,Moderately-differentiated
238,2198,S3,C3,Train,200.826,167.008,58.173,0.746,19.648,14.875,1.262,0.793,0.971,3945.829248,0.254,0.26123399999999997,0.7570745114006515,1.34095165294184,1,2,Moderately-differentiated
240,2198,S3,C5,Train,171.798,152.468,63.253,0.54,20.611,11.127,1.928,0.519,0.917,3540.928578,0.45999999999999996,0.927368,0.539857357721605,1.8532511954631847,0,3,Poorly-differentiated
241,2198,S4,C1,Train,287.655,189.658,66.133,0.827,24.001,17.021,1.376,0.726,0.976,6904.007654999999,0.17300000000000004,0.377024,0.7091787842173243,1.2099144314908585,1,2,Moderately-differentiated
242,2198,S4,C2,Train,289.463,200.779,65.55,0.847,22.955,16.215,1.421,0.704,0.971,6644.623165,0.15300000000000002,0.42061600000000005,0.7063820518405577,1.1812517616493534,1,2,Moderately-differentiated
243,2198,S4,C3,Train,226.601,180.161,61.139,0.762,21.947,14.409,1.522,0.657,0.971,4973.212147,0.238,0.522046,0.6565362008474963,1.3126984607361627,1,2,Moderately-differentiated
244,2198,S4,C4,Train,241.167,197.782,63.633,0.748,21.447,16.384,1.265,0.79,0.975,5172.308649,0.252,0.26564999999999994,0.76392968713573,1.3360941188426456,1,2,Moderately-differentiated
245,2198,S4,C5,Validation,261.364,173.904,63.008,0.827,20.147,16.818,1.169,0.855,0.976,5265.700507999999,0.17300000000000004,0.16950500000000002,0.8347644810641784,1.208747967394679,1,2,Moderately-differentiated
246,2198,S5,C1,Validation,292.872,146.636,67.652,0.804,21.652,18.781,1.16,0.862,0.957,6341.264544000001,0.19599999999999995,0.16008,0.8674025494180675,1.2435795262273264,1,2,Moderately-differentiated
247,2198,S5,C2,Train,166.116,138.279,49.705,0.845,17.907,13.499,1.299,0.77,0.949,2974.639212,0.15500000000000003,0.29877,0.7538392807282068,1.183528791228569,1,2,Moderately-differentiated
248,2198,S5,C3,Train,460.382,148.082,95.375,0.636,27.518,21.794,1.289,0.776,0.954,12668.791876000001,0.364,0.28873599999999994,0.7919906969983284,1.5723198694383418,1,2,Moderately-differentiated
249,2198,S5,C4,Train,345.3,161.227,74.149,0.789,24.001,20.0,1.127,0.887,0.963,8287.545300000002,0.21099999999999997,0.127351,0.83329861255781,1.2670803454607196,1,2,Moderately-differentiated
250,2198,S5,C5,Validation,223.967,162.02,65.426,0.657,21.594,15.404,1.522,0.657,0.903,4836.343398000001,0.34299999999999997,0.522046,0.7133462998981198,1.520921649426343,1,2,Moderately-differentiated
251,2199,S1,C1,Validation,235.675,126.742,61.318,0.788,19.744,16.181,1.223,0.818,0.934,4653.1672,0.21199999999999997,0.2225860000000001,0.819540113452188,1.2695581050208993,1,2,Moderately-differentiated
252,2199,S1,C2,Validation,105.156,115.748,40.024,0.825,13.156,11.042,1.105,0.905,0.948,1383.432336,0.17500000000000004,0.10497499999999997,0.8393128610519914,1.2122635803521253,2,1,Well-differentiated
253,2199,S1,C3,Train,168.97,137.906,51.664,0.795,16.764,13.675,1.135,0.881,0.939,2832.61308,0.20499999999999996,0.135065,0.8157361011691721,1.25706167883511,1,2,Moderately-differentiated
254,2199,S1,C4,Train,169.325,132.313,50.746,0.826,16.272,14.203,1.074,0.931,0.954,2755.2563999999998,0.17400000000000004,0.07410599999999995,0.8728490658800394,1.2102432858606336,1,2,Moderately-differentiated
255,2199,S1,C5,Train,82.887,100.601,36.392,0.786,11.705,9.553,1.283,0.779,0.922,970.192335,0.21399999999999997,0.28354299999999993,0.8161469457496797,1.2714976519001613,2,1,Well-differentiated
256,2199,S2,C1,Train,115.758,131.862,43.057,0.785,14.191,11.261,1.22,0.82,0.962,1642.721778,0.21499999999999997,0.21960000000000005,0.7935311112677048,1.2744613089478096,2,1,Well-differentiated
257,2199,S2,C2,Train,91.46,140.222,40.494,0.701,14.246,9.715,1.504,0.665,0.938,1302.93916,0.29900000000000004,0.50384,0.6819458093499929,1.4267250810940117,2,1,Well-differentiated
258,2199,S2,C3,Train,87.604,118.668,40.51,0.671,13.893,8.108,1.729,0.578,0.94,1217.082372,0.32899999999999996,0.7296380000000001,0.5836032534369827,1.4907014909472176,0,3,Poorly-differentiated
259,2199,S2,C4,Train,97.344,131.9,39.305,0.792,13.393,10.12,1.27,0.787,0.961,1303.728192,0.20799999999999996,0.27051,0.7556186067348614,1.2629220595389041,2,1,Well-differentiated
260,2199,S2,C5,Train,55.292,127.496,32.445,0.66,9.275,8.333,1.068,0.936,0.968,512.8333,0.33999999999999997,0.06835199999999994,0.8984366576819407,1.515037538549553,0,3,Poorly-differentiated
261,2199,S3,C1,Train,92.981,193.648,39.809,0.737,13.001,9.955,1.234,0.81,0.937,1208.845981,0.263,0.23445999999999992,0.7657103299746174,1.3563084261734513,2,1,Well-differentiated
262,2199,S3,C2,Train,46.618,130.786,27.967,0.749,9.971,7.363,1.323,0.756,0.882,464.828078,0.251,0.322812,0.7384414802928493,1.335144476049435,2,1,Well-differentiated
263,2199,S3,C3,Train,112.004,115.384,44.787,0.702,17.041,9.459,1.865,0.536,0.94,1908.6601640000001,0.29800000000000004,0.8653599999999999,0.5550730590927763,1.4251499062650868,0,3,Poorly-differentiated
264,2199,S3,C4,Train,82.38,130.959,38.257,0.707,11.926,9.871,1.175,0.851,0.931,982.4638799999999,0.29300000000000004,0.17507500000000004,0.8276874056682878,1.413807138856543,2,1,Well-differentiated
265,2199,S3,C5,Train,180.535,98.303,55.806,0.728,18.695,13.624,1.363,0.734,0.955,3375.101825,0.272,0.362558,0.7287510029419632,1.3727470376606234,2,1,Well-differentiated
266,2199,S4,C1,Validation,90.445,141.146,36.333,0.861,12.097,10.36,1.076,0.929,0.954,1094.113165,0.139,0.07639599999999995,0.8564106803339671,1.1614702509544594,2,1,Well-differentiated
267,2199,S4,C2,Validation,85.575,135.948,35.967,0.831,11.398,9.982,1.069,0.936,0.962,975.38385,0.16900000000000004,0.06841599999999994,0.8757676785400947,1.2029613054165529,2,1,Well-differentiated
268,2199,S4,C3,Train,63.205,143.143,37.072,0.578,12.776,7.962,1.758,0.569,0.914,807.50708,0.42200000000000004,0.7576980000000001,0.6231997495303694,1.730337154408855,0,3,Poorly-differentiated
269,2199,S4,C4,Train,179.673,126.195,56.127,0.717,18.551,12.839,1.449,0.69,0.961,3333.1138229999997,0.28300000000000003,0.4491900000000001,0.6920920705083284,1.3952466103888734,0,3,Poorly-differentiated
270,2199,S4,C5,Validation,158.114,161.992,52.451,0.722,17.153,13.912,1.09,0.917,0.905,2712.129442,0.278,0.09046999999999997,0.8110534600361454,1.3846096545715343,1,2,Moderately-differentiated
271,2199,S5,C1,Train,73.503,111.562,39.592,0.589,11.973,9.448,1.092,0.916,0.898,880.051419,0.41100000000000003,0.09172799999999996,0.7891088281967761,1.6970707669956322,0,3,Poorly-differentiated
272,2199,S5,C2,Train,161.006,120.563,51.276,0.77,16.85,12.838,1.273,0.786,0.963,2712.9511,0.22999999999999998,0.27242199999999994,0.7618991097922847,1.2995002072186375,2,1,Well-differentiated
273,2199,S5,C3,Train,104.192,123.72,41.379,0.765,14.365,9.948,1.328,0.753,0.956,1496.7180799999999,0.235,0.32801600000000003,0.6925165332405152,1.307722943383689,2,1,Well-differentiated
274,2199,S5,C4,Validation,185.05,126.454,57.63,0.7,18.249,14.073,1.312,0.762,0.967,3376.97745,0.30000000000000004,0.312256,0.7711655433174421,1.4282304423543395,1,2,Moderately-differentiated
275,2199,S5,C5,Validation,106.069,113.936,39.919,0.836,14.317,10.257,1.392,0.718,0.954,1518.5898730000001,0.16400000000000003,0.392544,0.71642103792694,1.1955313481383751,2,1,Well-differentiated
276,2264,S1,C1,Train,57.574,144.53,29.823,0.813,10.185,8.333,1.201,0.833,0.935,586.39119,0.18700000000000006,0.20056700000000005,0.8181639666175748,1.2293240825049676,2,1,Well-differentiated
277,2264,S1,C2,Train,51.893,131.492,27.083,0.889,9.333,7.432,1.154,0.866,0.953,484.31736900000004,0.11099999999999999,0.154636,0.7963141540769313,1.1247989361506612,2,1,Well-differentiated
278,2264,S1,C3,Validation,78.474,152.661,33.829,0.862,11.546,9.009,1.167,0.857,0.966,906.060804,0.138,0.16688100000000003,0.7802702234540101,1.1604933760586271,2,1,Well-differentiated
279,2264,S1,C4,Validation,59.248,144.036,30.89,0.78,9.726,8.102,1.096,0.912,0.956,576.246048,0.21999999999999997,0.09644799999999998,0.8330248817602303,1.2815992892100672,2,1,Well-differentiated
280,2264,S1,C5,Train,77.104,162.805,34.054,0.836,10.707,9.871,1.053,0.95,0.961,825.552528,0.16400000000000003,0.052650000000000044,0.9219202390959186,1.196876914693651,2,1,Well-differentiated
281,2264,S2,C1,Validation,48.647,142.122,27.918,0.784,8.967,7.478,1.121,0.892,0.927,436.217649,0.21599999999999997,0.12106799999999998,0.8339466934314709,1.2749779641417285,2,1,Well-differentiated
282,2264,S2,C2,Train,141.374,176.109,49.914,0.713,16.79,11.627,1.44,0.695,0.936,2373.6694599999996,0.28700000000000003,0.43920000000000003,0.6924955330553901,1.4023788049043926,0,3,Poorly-differentiated
283,2264,S2,C3,Validation,56.763,134.819,29.592,0.815,9.516,8.483,1.091,0.917,0.947,540.156708,0.18500000000000005,0.09055299999999995,0.8914459857082808,1.2276467887907885,2,1,Well-differentiated
284,2264,S2,C4,Train,128.49,137.726,43.285,0.862,14.666,11.144,1.273,0.785,0.961,1884.4343400000002,0.138,0.27369499999999997,0.7598527205782081,1.160367751546227,2,1,Well-differentiated
285,2264,S2,C5,Train,88.264,123.96,35.496,0.88,11.694,9.91,1.16,0.862,0.96,1032.159216,0.12,0.16008,0.8474431332307165,1.1359660766235504,2,1,Well-differentiated
286,2264,S3,C1,Train,86.336,176.184,36.687,0.806,11.99,9.234,1.26,0.794,0.972,1035.16864,0.19399999999999995,0.25955999999999996,0.7701417848206839,1.2405738194468703,2,1,Well-differentiated
287,2264,S3,C2,Train,83.851,170.383,34.854,0.867,11.504,10.114,1.107,0.903,0.965,964.621904,0.133,0.10737899999999997,0.879172461752434,1.1528880652344013,2,1,Well-differentiated
288,2264,S3,C3,Train,103.482,156.352,40.643,0.787,13.538,10.536,1.33,0.752,0.954,1400.939316,0.21299999999999997,0.32984,0.7782538041069581,1.270272325968507,2,1,Well-differentiated
289,2264,S3,C4,Train,71.829,170.343,33.974,0.782,10.557,9.259,1.084,0.922,0.949,758.2987529999999,0.21799999999999997,0.08455199999999996,0.8770484039026238,1.2787442109982463,2,1,Well-differentiated
290,2264,S3,C5,Train,93.489,154.934,40.38,0.72,12.013,10.36,1.124,0.889,0.966,1123.083357,0.28,0.124764,0.8623990676766835,1.3879130228733254,2,1,Well-differentiated
291,2264,S4,C1,Validation,76.039,169.915,34.264,0.814,11.901,8.559,1.373,0.728,0.951,904.940139,0.18600000000000005,0.373456,0.7191832619107638,1.2286547443780855,2,1,Well-differentiated
292,2264,S4,C2,Train,111.344,157.082,43.624,0.735,13.219,11.504,1.148,0.871,0.959,1471.8563359999998,0.265,0.148092,0.8702625009456086,1.360110790694242,2,1,Well-differentiated
293,2264,S4,C3,Train,155.984,166.05,48.725,0.826,15.953,13.675,1.132,0.884,0.961,2488.412752,0.17400000000000004,0.13131199999999998,0.8572055412775027,1.2111941889549103,2,1,Well-differentiated
294,2264,S4,C4,Train,83.394,165.37,35.443,0.834,13.156,9.237,1.403,0.713,0.964,1097.131464,0.16600000000000004,0.40266100000000005,0.7021131042870173,1.1987159392239146,2,1,Well-differentiated
295,2264,S4,C5,Validation,60.922,172.34,31.453,0.774,10.205,8.559,1.13,0.885,0.953,621.7090099999999,0.22599999999999998,0.12994999999999998,0.8387065164135227,1.2922309352098367,2,1,Well-differentiated
296,2264,S5,C1,Validation,85.322,168.167,38.247,0.733,11.688,9.91,1.096,0.913,0.958,997.2435360000001,0.267,0.09535199999999996,0.8478781656399725,1.364343922437009,2,1,Well-differentiated
297,2264,S5,C2,Train,69.191,148.772,33.128,0.792,10.999,8.108,1.333,0.75,0.961,761.0318090000001,0.20799999999999996,0.33325,0.7371579234475861,1.2622081020718157,2,1,Well-differentiated
298,2264,S5,C3,Train,94.097,172.64,38.796,0.786,13.133,9.878,1.26,0.794,0.941,1235.7759009999997,0.21399999999999997,0.25955999999999996,0.7521510698241073,1.2728823362084143,2,1,Well-differentiated
299,2264,S5,C4,Train,113.069,161.492,42.097,0.802,13.514,11.369,1.121,0.892,0.956,1528.0144659999999,0.19799999999999995,0.12106799999999998,0.8412757140742934,1.247236694316195,2,1,Well-differentiated
300,2264,S5,C5,Train,82.684,169.61,35.148,0.841,12.516,8.809,1.378,0.726,0.957,1034.872944,0.15900000000000003,0.377572,0.7038191115372323,1.1889672525995196,2,1,Well-differentiated
301,2368,S1,C1,Validation,209.094,93.195,55.489,0.853,18.649,15.504,1.182,0.846,0.973,3899.394006,0.14700000000000002,0.18202800000000002,0.8313582497721057,1.1718239273509605,1,2,Moderately-differentiated
302,2368,S1,C2,Train,224.515,112.905,59.87,0.787,19.553,14.64,1.28,0.781,0.964,4389.941795,0.21299999999999997,0.28031999999999996,0.748734209584207,1.2704667121063802,2,1,Well-differentiated
303,2368,S1,C3,Train,73.147,102.074,34.938,0.753,10.794,9.234,1.152,0.868,0.955,789.5487180000001,0.247,0.152064,0.8554752640355753,1.3279743846374714,2,1,Well-differentiated
304,2368,S1,C4,Train,156.643,104.097,55.012,0.65,16.715,13.009,1.209,0.827,0.927,2618.287745,0.35,0.20915700000000007,0.7782829793598565,1.53742526093147,2,1,Well-differentiated
305,2368,S1,C5,Train,100.793,111.365,40.864,0.759,12.51,11.382,1.034,0.967,0.942,1260.9204300000001,0.241,0.034122000000000034,0.9098321342925659,1.318382760419586,2,1,Well-differentiated
306,2368,S2,C1,Train,88.061,151.923,36.783,0.818,11.824,9.656,1.194,0.837,0.953,1041.233264,0.18200000000000005,0.19462200000000004,0.8166441136671178,1.2226462421716215,2,1,Well-differentiated
307,2368,S2,C2,Train,102.721,161.252,39.588,0.824,14.316,9.364,1.591,0.628,0.949,1470.553836,0.17600000000000005,0.5918519999999999,0.6540933221570271,1.214109956189016,2,1,Well-differentiated
308,2368,S2,C3,Train,91.054,127.729,36.972,0.837,12.564,9.954,1.119,0.893,0.942,1144.002456,0.16300000000000003,0.11973299999999998,0.7922636103151863,1.1946398446427051,2,1,Well-differentiated
309,2368,S2,C4,Train,163.593,135.461,51.286,0.782,16.563,13.739,1.161,0.861,0.96,2709.5908589999995,0.21799999999999997,0.16137900000000002,0.8294994868079455,1.279449283342263,1,2,Moderately-differentiated
310,2368,S2,C5,Train,162.882,101.898,54.226,0.696,17.884,12.613,1.333,0.75,0.961,2912.9816880000003,0.30400000000000005,0.33325,0.7052672780138671,1.4365878270920887,2,1,Well-differentiated
311,2368,S3,C1,Train,126.157,145.819,43.745,0.828,16.478,10.979,1.483,0.674,0.951,2078.815046,0.17200000000000004,0.48345799999999994,0.666282315815026,1.2070788063805487,2,1,Well-differentiated
312,2368,S3,C2,Validation,199.862,125.103,58.429,0.736,21.206,12.483,1.807,0.553,0.933,4238.273572,0.264,0.8077289999999999,0.5886541544845799,1.359304685693235,0,3,Poorly-differentiated
313,2368,S3,C3,Train,109.468,164.367,41.989,0.78,13.334,11.396,1.116,0.896,0.95,1459.646312,0.21999999999999997,0.11606399999999999,0.8546572671366433,1.28166349848556,2,1,Well-differentiated
314,2368,S3,C4,Validation,112.511,137.651,42.412,0.786,15.319,10.222,1.542,0.648,0.955,1723.5560090000001,0.21399999999999997,0.5427839999999999,0.6672759318493373,1.2722505776381328,2,1,Well-differentiated
315,2368,S3,C5,Train,103.685,142.089,41.501,0.756,13.829,10.763,1.293,0.773,0.958,1433.8598650000001,0.244,0.29351099999999997,0.778291995082797,1.3218778548461605,2,1,Well-differentiated
316,2368,S4,C1,Validation,246.682,141.198,62.139,0.803,20.489,15.766,1.325,0.755,0.964,5054.267498,0.19699999999999995,0.324625,0.7694860656937869,1.245607443747483,1,2,Moderately-differentiated
317,2368,S4,C2,Validation,122.048,126.791,62.873,0.388,15.342,11.989,1.325,0.755,0.865,1872.4604160000001,0.612,0.324625,0.7814496154347543,2.57743567589167,0,3,Poorly-differentiated
318,2368,S4,C3,Train,112.207,97.653,42.687,0.774,14.347,10.944,1.196,0.836,0.922,1609.833829,0.22599999999999998,0.19614400000000004,0.7628075555865339,1.2922943723180667,2,1,Well-differentiated
319,2368,S4,C4,Validation,71.676,84.028,39.857,0.567,14.82,8.233,1.905,0.525,0.881,1062.2383200000002,0.43300000000000005,0.904875,0.5555330634278003,1.7637035476135148,0,3,Poorly-differentiated
320,2368,S4,C5,Train,79.894,117.971,37.544,0.712,11.817,9.685,1.196,0.836,0.915,944.1073980000001,0.28800000000000003,0.19614400000000004,0.8195819581958196,1.4039674954261325,2,1,Well-differentiated
321,2368,S5,C1,Train,188.398,108.082,55.434,0.77,18.031,13.811,1.303,0.768,0.951,3397.0043379999997,0.22999999999999998,0.30229599999999995,0.7659586268093839,1.2979748660406467,2,1,Well-differentiated
322,2368,S5,C2,Train,94.503,109.774,37.771,0.832,13.618,10.095,1.269,0.788,0.94,1286.941854,0.16800000000000004,0.26902799999999993,0.7412982816860039,1.2013277432435807,2,1,Well-differentiated
323,2368,S5,C3,Train,122.707,104.076,46.334,0.718,15.35,10.811,1.396,0.716,0.939,1883.55245,0.28200000000000003,0.39646400000000004,0.7042996742671009,1.3922601292616148,2,1,Well-differentiated
324,2368,S5,C4,Train,114.895,98.874,45.876,0.686,14.563,11.944,1.333,0.75,0.909,1673.215885,0.31399999999999995,0.33325,0.8201606811783286,1.4576729499023593,2,1,Well-differentiated
325,2368,S5,C5,Train,125.142,92.479,45.423,0.762,16.517,11.261,1.374,0.728,0.921,2066.970414,0.238,0.37372800000000006,0.6817824060059332,1.3120146149150926,2,1,Well-differentiated
326,2386,S1,C1,Train,78.829,108.093,35.678,0.778,11.926,9.07,1.287,0.777,0.94,940.114654,0.22199999999999998,0.28700099999999995,0.7605232265638102,1.2850058980043726,2,1,Well-differentiated
327,2386,S1,C2,Train,155.121,81.446,50.99,0.75,17.418,12.087,1.446,0.691,0.968,2701.897578,0.25,0.44681400000000004,0.6939373062349294,1.33379647132097,2,1,Well-differentiated
328,2386,S1,C3,Validation,138.077,110.109,48.312,0.743,16.237,11.712,1.292,0.774,0.964,2241.956249,0.257,0.291992,0.7213155139496213,1.3451751215553482,2,1,Well-differentiated
329,2386,S1,C4,Validation,116.366,77.143,46.644,0.672,15.904,9.414,1.658,0.603,0.965,1850.684864,0.32799999999999996,0.658226,0.5919265593561368,1.487837851843482,0,3,Poorly-differentiated
330,2386,S1,C5,Train,203.869,91.933,59.148,0.732,21.23,12.876,1.666,0.6,0.961,4328.13887,0.268,0.6664,0.6065002355157795,1.3655860502551103,2,1,Well-differentiated
331,2386,S2,C1,Train,78.474,139.548,38.068,0.68,13.075,9.124,1.351,0.74,0.934,1026.04755,0.31999999999999995,0.35126,0.6978202676864246,1.4695503383480681,2,1,Well-differentiated
332,2386,S2,C2,Train,59.604,85.271,30.063,0.829,10.576,8.108,1.321,0.757,0.956,630.371904,0.17100000000000004,0.321003,0.766641452344932,1.2066445721223602,2,1,Well-differentiated
333,2386,S2,C3,Train,55.9,111.76,29.151,0.827,9.245,8.333,1.049,0.953,0.95,516.7955,0.17300000000000004,0.04930300000000004,0.9013520822065982,1.2097210646130614,2,1,Well-differentiated
334,2386,S2,C4,Train,104.547,101.003,40.825,0.788,12.491,11.467,1.092,0.916,0.955,1305.896577,0.21199999999999997,0.09172799999999996,0.9180209751020736,1.2686182292377572,2,1,Well-differentiated
335,2386,S2,C5,Train,79.59,109.847,36.582,0.747,14.673,8.103,1.826,0.548,0.923,1167.8240700000001,0.253,0.825352,0.5522388059701492,1.338032067981926,0,3,Poorly-differentiated
336,2386,S3,C1,Train,185.506,79.042,53.021,0.829,16.269,14.635,1.12,0.893,0.973,3017.997114,0.17100000000000004,0.11983999999999999,0.8995635871903621,1.2059463959003658,1,2,Moderately-differentiated
337,2386,S3,C2,Validation,189.463,85.124,58.107,0.705,19.343,15.934,1.36,0.735,0.913,3664.782809,0.29500000000000004,0.36040000000000005,0.8237605335263403,1.4181515173932009,1,2,Moderately-differentiated
338,2386,S3,C3,Train,174.296,88.815,61.664,0.576,20.954,12.461,1.812,0.552,0.908,3652.198384,0.42400000000000004,0.8117759999999999,0.5946835926314785,1.7360654795655677,0,3,Poorly-differentiated
339,2386,S3,C4,Train,154.107,101.572,50.56,0.758,16.662,13.894,1.1,0.909,0.941,2567.730834,0.242,0.10009999999999998,0.8338734845756812,1.3200242219141187,1,2,Moderately-differentiated
340,2386,S3,C5,Train,142.541,67.338,47.438,0.796,16.031,12.543,1.209,0.827,0.966,2285.0747709999996,0.20399999999999996,0.20915700000000007,0.7824215582309276,1.2563281074493617,1,2,Moderately-differentiated
341,2386,S4,C1,Train,335.86,115.45,72.126,0.811,24.375,18.615,1.305,0.766,0.977,8186.587500000001,0.18899999999999995,0.30537,0.7636923076923077,1.232581222860301,1,2,Moderately-differentiated
342,2386,S4,C2,Validation,106.881,106.83,40.081,0.836,15.212,10.83,1.368,0.731,0.957,1625.873772,0.16400000000000003,0.36799200000000004,0.7119379437286353,1.196097890148154,2,1,Well-differentiated
343,2386,S4,C3,Train,120.881,110.022,43.038,0.82,13.929,11.892,1.119,0.894,0.957,1683.751449,0.18000000000000005,0.11861399999999998,0.8537583458970492,1.219372101284224,2,1,Well-differentiated
344,2386,S4,C4,Validation,113.576,117.129,42.969,0.773,15.002,10.194,1.429,0.7,0.947,1703.867152,0.22699999999999998,0.4287000000000001,0.6795093987468338,1.2936418594004535,2,1,Well-differentiated
345,2386,S4,C5,Train,168.462,77.482,51.337,0.803,17.19,14.404,1.141,0.877,0.95,2895.86178,0.19699999999999995,0.140343,0.8379290285049447,1.2449421058268118,1,2,Moderately-differentiated
346,2386,S5,C1,Train,235.117,115.987,65.201,0.695,19.743,17.187,1.177,0.85,0.908,4641.914930999999,0.30500000000000005,0.17655000000000004,0.8705363926454948,1.4388470064799754,1,2,Moderately-differentiated
347,2386,S5,C2,Validation,229.537,92.371,59.11,0.826,20.302,15.822,1.215,0.823,0.958,4660.060174,0.17400000000000004,0.21505500000000008,0.7793320855088168,1.2113212986120578,1,2,Moderately-differentiated
348,2386,S5,C3,Train,115.453,91.693,43.239,0.776,14.887,10.36,1.378,0.726,0.962,1718.7488110000002,0.22399999999999998,0.377572,0.6959091825082286,1.2886536147468217,2,1,Well-differentiated
349,2386,S5,C4,Train,116.417,94.936,42.498,0.81,13.788,11.744,1.174,0.852,0.948,1605.157596,0.18999999999999995,0.17375200000000002,0.85175514940528,1.234555779035837,2,1,Well-differentiated
350,2386,S5,C5,Train,132.852,105.385,47.035,0.755,15.257,12.613,1.215,0.823,0.927,2026.922964,0.245,0.21505500000000008,0.8267024972143934,1.325147848800072,2,1,Well-differentiated
351,2408,S1,C1,Train,77.611,131.571,34.582,0.816,11.654,9.009,1.246,0.803,0.974,904.478594,0.18400000000000005,0.24546199999999993,0.7730392998112237,1.2262162569801942,2,1,Well-differentiated
352,2408,S1,C2,Train,74.568,135.482,32.906,0.865,11.872,8.441,1.393,0.718,0.981,885.271296,0.135,0.39282600000000006,0.7110006738544475,1.155547567677885,2,1,Well-differentiated
353,2408,S1,C3,Validation,58.132,137.947,29.114,0.862,10.074,7.77,1.266,0.79,0.965,585.621768,0.138,0.26586,0.7712924359737939,1.1603222665799218,2,1,Well-differentiated
354,2408,S1,C4,Train,38.704,144.446,25.997,0.72,9.406,6.409,1.452,0.689,0.93,364.049824,0.28,0.4515720000000001,0.6813735913246863,1.3895710364741811,0,3,Poorly-differentiated
355,2408,S1,C5,Train,81.619,112.4,35.997,0.792,12.465,10.019,1.163,0.86,0.97,1017.3808349999999,0.20799999999999996,0.16282000000000002,0.8037705575611713,1.2633726841285915,2,1,Well-differentiated
356,2408,S2,C1,Train,71.676,148.982,33.982,0.78,11.594,8.763,1.321,0.757,0.963,831.011544,0.21999999999999997,0.321003,0.7558219768845955,1.282077404780457,2,1,Well-differentiated
357,2408,S2,C2,Train,121.743,133.778,46.738,0.7,14.589,11.937,1.126,0.888,0.942,1776.108627,0.30000000000000004,0.12611199999999997,0.8182192062512852,1.427862490588548,2,1,Well-differentiated
358,2408,S2,C3,Validation,67.568,154.143,32.79,0.79,11.091,8.108,1.315,0.76,0.945,749.3966879999999,0.20999999999999996,0.3156,0.7310431881705889,1.2662862912089357,2,1,Well-differentiated
359,2408,S2,C4,Train,49.205,119.627,27.936,0.792,9.871,6.746,1.449,0.69,0.944,485.702555,0.20799999999999996,0.4491900000000001,0.6834160672677541,1.2621452694507824,2,1,Well-differentiated
360,2408,S2,C5,Validation,56.966,152.57,28.389,0.888,9.758,7.883,1.184,0.845,0.966,555.874228,0.11199999999999999,0.18352000000000002,0.8078499692559952,1.1258346219631306,2,1,Well-differentiated
361,2408,S3,C1,Train,62.14,139.398,30.639,0.832,10.778,7.852,1.323,0.756,0.95,669.74492,0.16800000000000004,0.322812,0.728521061421414,1.2021760187187582,2,1,Well-differentiated
362,2408,S3,C2,Train,170.644,117.919,51.386,0.812,17.609,12.633,1.343,0.745,0.97,3004.8701960000003,0.18799999999999994,0.342465,0.7174172298256573,1.231370481386204,2,1,Well-differentiated
363,2408,S3,C3,Train,69.089,135.858,33.622,0.768,11.369,8.108,1.402,0.714,0.959,785.472841,0.23199999999999998,0.400972,0.7131673849942828,1.302051963785014,2,1,Well-differentiated
364,2408,S3,C4,Train,72.184,131.293,34.792,0.749,11.148,8.559,1.224,0.817,0.964,804.707232,0.251,0.22399200000000005,0.7677610333692142,1.3344674373518493,2,1,Well-differentiated
365,2408,S3,C5,Train,72.387,139.848,34.879,0.748,12.759,7.793,1.726,0.58,0.955,923.585733,0.252,0.72492,0.6107845442432792,1.3373885718920886,0,3,Poorly-differentiated
366,2408,S4,C1,Train,158.52,126.012,49.711,0.806,15.37,13.288,1.089,0.918,0.974,2436.4524,0.19399999999999995,0.08929799999999996,0.8645413142485362,1.2405408549532693,1,2,Moderately-differentiated
367,2408,S4,C2,Train,84.054,126.408,39.79,0.667,14.109,9.115,1.575,0.635,0.907,1185.917886,0.33299999999999996,0.574875,0.6460415337727692,1.4989240526095071,0,3,Poorly-differentiated
368,2408,S4,C3,Validation,58.335,127.616,30.342,0.796,11.613,7.167,1.532,0.653,0.971,677.444355,0.20399999999999996,0.531604,0.6171531903900801,1.2558834628757631,2,1,Well-differentiated
369,2408,S4,C4,Train,67.923,116.704,34.338,0.724,12.876,8.047,1.665,0.601,0.944,874.576548,0.276,0.664335,0.6249611680646164,1.3814121425995152,0,3,Poorly-differentiated
370,2408,S4,C5,Train,29.472,136.933,24.177,0.634,8.074,4.924,1.651,0.606,0.957,237.956928,0.366,0.650494,0.6098588060440923,1.5782847072246977,0,3,Poorly-differentiated
371,2408,S5,C1,Train,77.459,164.353,36.05,0.749,11.686,8.934,1.289,0.776,0.955,905.185874,0.251,0.28873599999999994,0.7645045353414341,1.335146089735117,2,1,Well-differentiated
372,2408,S5,C2,Validation,95.619,165.996,41.6,0.694,13.336,9.43,1.454,0.688,0.913,1275.174984,0.30600000000000005,0.45364800000000005,0.7071085782843431,1.4402324763755656,0,3,Poorly-differentiated
373,2408,S5,C3,Train,56.002,157.517,30.033,0.78,9.871,7.658,1.307,0.765,0.944,552.795742,0.21999999999999997,0.30714499999999995,0.7758079221963327,1.2816930546209135,2,1,Well-differentiated
374,2408,S5,C4,Train,41.443,170.754,29.56,0.596,9.502,6.225,1.511,0.662,0.918,393.791386,0.404,0.5107179999999999,0.6551252367922542,1.6778294366004194,0,3,Poorly-differentiated
375,2408,S5,C5,Validation,72.437,169.164,33.026,0.835,10.981,9.234,1.123,0.89,0.953,795.430697,0.16500000000000004,0.12352999999999999,0.8409070212184683,1.198233986071768,2,1,Well-differentiated
376,2424,S1,C1,Train,32.769,110.735,22.164,0.838,7.474,5.86,1.282,0.78,0.945,244.915506,0.16200000000000003,0.28203999999999996,0.7840513781107841,1.1929527168540066,2,1,Well-differentiated
377,2424,S1,C2,Train,59.248,97.113,29.673,0.846,10.106,7.731,1.344,0.744,0.96,598.760288,0.15400000000000003,0.34406400000000004,0.7649910943993667,1.182604029487516,2,1,Well-differentiated
378,2424,S1,C3,Validation,56.661,121.77,28.539,0.874,9.643,7.582,1.266,0.79,0.984,546.382023,0.126,0.26586,0.7862698330395105,1.1438877361814452,2,1,Well-differentiated
379,2424,S1,C4,Validation,27.443,134.113,20.481,0.822,8.048,4.899,1.647,0.607,0.935,220.861264,0.17800000000000005,0.647271,0.6087226640159046,1.2163564586348958,2,1,Well-differentiated
380,2424,S1,C5,Train,60.669,98.833,30.595,0.814,10.681,7.601,1.453,0.688,0.951,648.0055889999999,0.18600000000000005,0.4533360000000001,0.7116374871266736,1.2277903466334914,2,1,Well-differentiated
381,2424,S2,C1,Train,44.791,197.109,29.199,0.66,8.97,7.051,1.304,0.767,0.946,401.77527,0.33999999999999997,0.303832,0.7860646599777035,1.5147303720429555,2,1,Well-differentiated
382,2424,S2,C2,Validation,43.878,194.795,26.001,0.816,9.851,6.196,1.584,0.631,0.938,432.242178,0.18400000000000005,0.584496,0.6289716780022332,1.2260930049947238,2,1,Well-differentiated
383,2424,S2,C3,Train,34.443,204.704,24.694,0.71,9.368,5.084,1.856,0.539,0.936,322.662024,0.29000000000000004,0.8556159999999999,0.5426985482493595,1.4088736671512345,0,3,Poorly-differentiated
384,2424,S2,C4,Train,38.146,174.827,24.857,0.776,8.784,6.367,1.4,0.714,0.893,335.07446400000003,0.22399999999999998,0.40040000000000003,0.7248406193078324,1.2889573762486084,2,1,Well-differentiated
385,2424,S2,C5,Validation,45.958,153.497,26.662,0.812,10.282,5.903,1.78,0.562,0.948,472.54015599999997,0.18799999999999994,0.7796399999999999,0.574110095312196,1.2308764523042455,0,3,Poorly-differentiated
386,2424,S3,C1,Train,27.595,101.597,19.854,0.88,6.861,5.54,1.219,0.82,0.947,189.32929499999997,0.12,0.2194200000000001,0.8074624690278386,1.1367259452050809,2,1,Well-differentiated
387,2424,S3,C2,Train,39.262,98.227,24.432,0.827,8.288,6.639,1.245,0.803,0.942,325.403456,0.17300000000000004,0.24526499999999996,0.8010376447876448,1.209861777965779,2,1,Well-differentiated
388,2424,S3,C3,Validation,21.762,146.935,17.571,0.886,6.127,4.681,1.281,0.781,0.937,133.335774,0.11399999999999999,0.2805389999999999,0.7639954300636527,1.1289749024801132,2,1,Well-differentiated
389,2424,S3,C4,Train,29.827,97.253,22.432,0.745,7.554,5.18,1.446,0.691,0.952,225.31315800000002,0.255,0.44681400000000004,0.685729414879534,1.34250698606745,2,1,Well-differentiated
390,2424,S3,C5,Train,52.197,120.617,26.726,0.918,9.168,7.644,1.182,0.846,0.961,478.54209599999996,0.08199999999999996,0.18202800000000002,0.8337696335078535,1.0889614890943118,2,1,Well-differentiated
391,2424,S4,C1,Train,51.944,137.09,27.663,0.853,9.146,7.658,1.153,0.867,0.951,475.0798240000001,0.14700000000000002,0.153349,0.8373059260879072,1.1723392342305916,2,1,Well-differentiated
392,2424,S4,C2,Train,40.327,162.41,23.907,0.887,8.547,6.306,1.274,0.785,0.955,344.674869,0.11299999999999999,0.27391,0.7378027378027378,1.127831925088307,2,1,Well-differentiated
393,2424,S4,C3,Validation,51.792,142.215,29.671,0.739,9.009,7.737,1.113,0.898,0.948,466.594128,0.261,0.11352599999999997,0.8588078588078588,1.3526698843090343,2,1,Well-differentiated
394,2424,S4,C4,Train,42.154,130.981,26.565,0.751,10.848,5.574,1.959,0.51,0.938,457.28659200000004,0.249,0.95991,0.5138274336283185,1.3322047729144284,0,3,Poorly-differentiated
395,2424,S4,C5,Train,45.451,140.464,25.74,0.862,8.333,7.432,1.078,0.928,0.956,378.743183,0.138,0.07761599999999995,0.8918756750270012,1.1600154625164663,2,1,Well-differentiated
396,2424,S5,C1,Train,60.618,112.216,30.472,0.82,9.641,7.958,1.161,0.862,0.974,584.418138,0.18000000000000005,0.16021800000000003,0.825433046364485,1.2189627993822798,2,1,Well-differentiated
397,2424,S5,C2,Train,39.414,107.333,25.499,0.762,8.933,6.131,1.393,0.718,0.956,352.085262,0.238,0.39282600000000006,0.6863315795365499,1.3127617724991396,2,1,Well-differentiated
398,2424,S5,C3,Validation,45.451,125.114,26.203,0.832,9.703,6.495,1.514,0.661,0.932,441.011053,0.16800000000000004,0.513246,0.6693806039369268,1.2021225025351387,2,1,Well-differentiated
399,2424,S5,C4,Train,51.741,135.33,31.359,0.661,11.442,6.306,1.811,0.552,0.932,592.020522,0.33899999999999997,0.8113279999999999,0.5511274252753016,1.512445479241525,0,3,Poorly-differentiated
400,2424,S5,C5,Train,41.139,107.847,25.152,0.817,8.074,6.871,1.149,0.87,0.944,332.156286,0.18300000000000005,0.14937,0.8510032202130295,1.2237182979136365,2,1,Well-differentiated
401,2437,S1,C1,Train,29.523,159.928,20.8,0.857,7.382,5.431,1.368,0.731,0.966,217.938786,0.14300000000000002,0.36799200000000004,0.7357084800866974,1.1661551092246318,2,1,Well-differentiated
402,2437,S1,C2,Train,22.573,125.31,20.915,0.648,7.615,4.085,2.019,0.495,0.924,171.893395,0.352,1.019595,0.5364412344057781,1.5421143988648298,0,3,Poorly-differentiated
403,2437,S1,C3,Train,38.704,153.077,25.636,0.74,10.185,5.183,1.94,0.515,0.937,394.20024,0.26,0.9409,0.5088856161021109,1.3512472116656904,0,3,Poorly-differentiated
404,2437,S1,C4,Train,25.87,119.451,19.884,0.822,6.909,4.955,1.209,0.827,0.947,178.73583,0.17800000000000005,0.20915700000000007,0.7171804892169634,1.2161894064500578,2,1,Well-differentiated
405,2437,S1,C5,Train,31.197,163.481,20.894,0.898,7.054,6.122,1.091,0.917,0.946,220.063638,0.10199999999999998,0.09055299999999995,0.8678763821944995,1.113577593387526,2,1,Well-differentiated
406,2437,S2,C1,Validation,28.407,147.643,20.547,0.846,7.429,5.571,1.381,0.724,0.94,211.035603,0.15400000000000003,0.38115600000000005,0.7498990442859065,1.1826646246167563,2,1,Well-differentiated
407,2437,S2,C2,Train,18.211,149.755,17.753,0.726,5.498,4.684,1.169,0.855,0.929,100.124078,0.274,0.16950500000000002,0.8519461622408149,1.3772089860997216,2,1,Well-differentiated
408,2437,S2,C3,Train,26.378,157.538,21.181,0.739,7.934,4.672,1.83,0.546,0.915,209.283052,0.261,0.83082,0.5888580791530122,1.3534468090075267,0,3,Poorly-differentiated
409,2437,S2,C4,Train,20.138,163.879,18.587,0.733,6.578,4.556,1.504,0.665,0.898,132.46776400000002,0.267,0.50384,0.6926117360899969,1.365187796175843,2,1,Well-differentiated
410,2437,S2,C5,Validation,47.176,166.542,28.301,0.74,9.411,6.744,1.329,0.752,0.93,443.973336,0.26,0.329592,0.716608224418234,1.351053615204786,2,1,Well-differentiated
411,2437,S3,C1,Train,45.299,146.151,26.185,0.83,8.632,7.695,1.089,0.918,0.931,391.020968,0.17000000000000004,0.08929799999999996,0.8914504170528268,1.2044996485639041,2,1,Well-differentiated
412,2437,S3,C2,Train,24.704,138.062,20.133,0.766,7.648,4.73,1.633,0.612,0.915,188.936192,0.23399999999999999,0.6336040000000001,0.6184623430962344,1.3056892978018815,0,3,Poorly-differentiated
413,2437,S3,C3,Train,23.892,136.554,20.685,0.702,6.282,5.338,1.184,0.845,0.929,150.089544,0.29800000000000004,0.18352000000000002,0.8497293855460044,1.4251109609000578,2,1,Well-differentiated
414,2437,S3,C4,Train,18.617,132.744,17.103,0.8,6.378,4.331,1.493,0.67,0.922,118.739226,0.19999999999999996,0.49268999999999996,0.6790529946691753,1.2503310855416243,2,1,Well-differentiated
415,2437,S3,C5,Train,23.486,110.533,21.336,0.648,7.253,4.719,1.51,0.662,0.88,170.34395800000001,0.352,0.51038,0.6506273266234662,1.5424357578321972,2,1,Well-differentiated
416,2437,S4,C1,Train,29.371,162.718,22.477,0.731,7.538,5.293,1.519,0.658,0.958,221.398598,0.269,0.5194979999999999,0.7021756434067392,1.368825521213728,0,3,Poorly-differentiated
417,2437,S4,C2,Validation,26.581,136.994,20.964,0.76,7.941,4.955,1.579,0.633,0.959,211.07972099999998,0.24,0.5794929999999999,0.6239768291147211,1.3157310465064733,0,3,Poorly-differentiated
418,2437,S4,C3,Train,20.798,131.151,17.935,0.813,6.145,4.392,1.337,0.748,0.974,127.80370999999998,0.18700000000000006,0.336924,0.7147274206672092,1.2307541933016062,2,1,Well-differentiated
419,2437,S4,C4,Train,25.211,119.056,21.898,0.661,7.765,4.32,1.853,0.54,0.936,195.76341499999998,0.33899999999999997,0.8523799999999999,0.5563425627817129,1.5135924977174418,0,3,Poorly-differentiated
420,2437,S4,C5,Validation,22.015,143.979,19.875,0.7,7.372,4.244,1.797,0.556,0.953,162.29458,0.30000000000000004,0.7978679999999999,0.5756918068366793,1.4278603070016913,0,3,Poorly-differentiated
421,2437,S5,C1,Train,45.603,155.956,27.751,0.744,11.892,5.574,2.046,0.489,0.953,542.310876,0.256,1.0455059999999998,0.46871846619576185,1.343859906400886,0,3,Poorly-differentiated
422,2437,S5,C2,Validation,37.03,155.115,23.258,0.86,8.454,6.211,1.352,0.74,0.95,313.05162,0.14,0.35152000000000005,0.7346818074284363,1.1624684006192167,2,1,Well-differentiated
423,2437,S5,C3,Train,29.979,100.186,22.207,0.764,8.382,5.413,1.669,0.599,0.929,251.283978,0.236,0.669269,0.6457885946074923,1.309039582846574,2,1,Well-differentiated
424,2437,S5,C4,Train,46.262,156.155,28.58,0.712,9.745,6.34,1.563,0.64,0.934,450.82318999999995,0.28800000000000003,0.56268,0.650590046177527,1.4050448279206131,0,3,Poorly-differentiated
425,2437,S5,C5,Validation,44.335,140.38,26.662,0.784,9.674,6.496,1.469,0.681,0.948,428.89679,0.21599999999999997,0.46861099999999994,0.6714905933429812,1.2759359421449985,2,1,Well-differentiated
426,2497,S1,C1,Train,28.153,117.56,19.875,0.896,6.914,5.743,1.129,0.886,0.972,194.64984199999998,0.10399999999999998,0.128706,0.8306334972519527,1.1165539963287123,2,1,Well-differentiated
427,2497,S1,C2,Train,25.262,129.456,19.391,0.844,6.965,5.477,1.136,0.88,0.955,175.94983,0.15600000000000003,0.13631999999999997,0.7863603732950467,1.1844665974089228,2,1,Well-differentiated
428,2497,S1,C3,Train,46.82,183.876,28.459,0.726,8.576,7.975,1.027,0.974,0.935,401.52832,0.274,0.02670200000000002,0.9299207089552238,1.3765690406220157,2,1,Well-differentiated
429,2497,S1,C4,Train,18.414,140.857,16.63,0.837,6.246,4.13,1.526,0.655,0.938,115.01384400000002,0.16300000000000003,0.52647,0.6612231828370156,1.1951612273588297,2,1,Well-differentiated
430,2497,S1,C5,Validation,19.935,123.02,23.74,0.445,6.749,4.459,1.52,0.658,0.869,134.541315,0.5549999999999999,0.51984,0.6606904726626167,2.2497555155580105,0,3,Poorly-differentiated
431,2497,S2,C1,Train,64.423,98.567,32.919,0.747,11.396,7.86,1.425,0.702,0.911,734.1645080000001,0.253,0.4246500000000001,0.6897156897156898,1.33857422750327,2,1,Well-differentiated
432,2497,S2,C2,Train,35.711,97.335,24.926,0.722,9.838,4.73,2.057,0.486,0.953,351.32481799999994,0.278,1.057298,0.4807887782069527,1.3845011015578244,0,3,Poorly-differentiated
433,2497,S2,C3,Train,47.886,139.987,26.539,0.854,9.703,6.883,1.441,0.694,0.952,464.637858,0.14600000000000002,0.4409460000000001,0.7093682366278471,1.1704441186184154,2,1,Well-differentiated
434,2497,S2,C4,Validation,41.038,103.909,23.887,0.904,8.415,6.982,1.165,0.858,0.957,345.33476999999993,0.09599999999999997,0.16543000000000002,0.8297088532382652,1.1064382165196847,2,1,Well-differentiated
435,2497,S2,C5,Validation,38.197,123.138,25.922,0.714,9.408,6.511,1.33,0.752,0.896,359.357376,0.28600000000000003,0.32984,0.6920705782312926,1.3999028376523588,2,1,Well-differentiated
436,2497,S3,C1,Train,83.343,155.973,38.739,0.698,13.094,9.087,1.472,0.68,0.951,1091.293242,0.30200000000000005,0.4710399999999999,0.693981976477776,1.4329063862903084,2,1,Well-differentiated
437,2497,S3,C2,Train,136.911,117.812,47.099,0.776,14.589,12.79,1.097,0.912,0.957,1997.394579,0.22399999999999998,0.09653599999999996,0.8766879155528137,1.2893628892784628,1,2,Moderately-differentiated
438,2497,S3,C3,Train,66.249,127.366,33.282,0.752,12.295,7.432,1.743,0.574,0.952,814.5314549999999,0.248,0.7425180000000001,0.6044733631557544,1.3305452268381017,0,3,Poorly-differentiated
439,2497,S3,C4,Train,76.698,158.554,35.274,0.775,11.209,9.615,1.046,0.956,0.947,859.7078819999999,0.22499999999999998,0.046024000000000044,0.8577928450352396,1.2909681205023726,2,1,Well-differentiated
440,2497,S3,C5,Train,69.597,125.876,31.307,0.892,10.816,8.559,1.186,0.843,0.968,752.761152,0.10799999999999998,0.18620200000000003,0.7913276627218934,1.1206823260510799,2,1,Well-differentiated
441,2497,S4,C1,Train,48.85,141.464,27.008,0.842,9.502,6.757,1.397,0.716,0.951,464.1727,0.15800000000000003,0.39674800000000005,0.711113449800042,1.1882570996450743,2,1,Well-differentiated
442,2497,S4,C2,Validation,65.64,113.407,31.514,0.831,10.123,8.784,1.126,0.888,0.961,664.47372,0.16900000000000004,0.12611199999999997,0.8677269584115382,1.2040059273088743,2,1,Well-differentiated
443,2497,S4,C3,Train,36.777,164.716,24.703,0.757,9.406,5.856,1.684,0.594,0.916,345.924462,0.243,0.683704,0.6225813310652775,1.3204234633860175,0,3,Poorly-differentiated
444,2497,S4,C4,Validation,24.754,125.861,20.597,0.733,7.982,4.279,1.979,0.505,0.928,197.586428,0.267,0.9796050000000001,0.5360811826609871,1.3638062844773582,0,3,Poorly-differentiated
445,2497,S4,C5,Train,38.552,134.118,23.932,0.846,8.665,6.211,1.418,0.705,0.944,334.05307999999997,0.15400000000000003,0.41831,0.716791690709752,1.182227918384735,2,1,Well-differentiated
446,2497,S5,C1,Train,36.726,146.887,23.667,0.824,8.619,5.778,1.534,0.652,0.96,316.54139399999997,0.17600000000000005,0.533832,0.6703793943612948,1.2136764573195475,2,1,Well-differentiated
447,2497,S5,C2,Train,61.988,151.173,31.287,0.796,9.808,8.281,1.109,0.902,0.978,607.978304,0.20399999999999996,0.10868199999999997,0.8443107667210441,1.2566384848857532,2,1,Well-differentiated
448,2497,S5,C3,Train,36.168,144.673,22.383,0.907,8.49,5.786,1.452,0.689,0.977,307.06632,0.09299999999999997,0.4515720000000001,0.6815076560659599,1.1023061523571827,2,1,Well-differentiated
449,2497,S5,C4,Validation,39.972,151.532,25.05,0.8,7.988,6.755,1.169,0.856,0.967,319.29633600000005,0.19999999999999996,0.168336,0.8456434651977967,1.249251034192961,2,1,Well-differentiated
450,2497,S5,C5,Train,43.929,142.726,24.866,0.893,8.371,7.087,1.134,0.882,0.97,367.729659,0.10699999999999998,0.133812,0.8466133078485246,1.1200842165753493,2,1,Well-differentiated
451,2505,S1,C1,Train,73.147,149.41,34.621,0.767,12.51,8.356,1.505,0.664,0.955,915.06897,0.23299999999999998,0.5056799999999999,0.6679456434852118,1.3039857124866672,2,1,Well-differentiated
452,2505,S1,C2,Train,73.198,141.859,35.97,0.711,11.469,8.858,1.274,0.785,0.936,839.5078619999999,0.28900000000000003,0.27391,0.7723428372133578,1.4066038335027367,2,1,Well-differentiated
453,2505,S1,C3,Train,61.988,157.905,32.335,0.745,11.209,8.191,1.466,0.682,0.918,694.823492,0.255,0.46618799999999994,0.7307520742260685,1.3422340200480705,2,1,Well-differentiated
454,2505,S1,C4,Train,75.684,143.352,35.441,0.757,13.219,7.454,1.754,0.57,0.966,1000.4667959999999,0.243,0.7542200000000001,0.5638853165897572,1.3206811941315606,0,3,Poorly-differentiated
455,2505,S1,C5,Validation,71.829,147.035,33.693,0.795,12.548,8.303,1.572,0.636,0.952,901.3102919999999,0.20499999999999996,0.572208,0.6616990755498885,1.2576786243472418,2,1,Well-differentiated
456,2505,S2,C1,Train,79.082,141.919,33.854,0.867,12.087,9.009,1.305,0.766,0.967,955.8641339999999,0.133,0.30537,0.7453462397617275,1.1532739212841205,2,1,Well-differentiated
457,2505,S2,C2,Train,73.705,142.423,34.978,0.757,11.926,8.76,1.44,0.695,0.909,879.00583,0.243,0.43920000000000003,0.734529599195036,1.3209401241856236,2,1,Well-differentiated
458,2505,S2,C3,Train,68.481,140.738,34.493,0.723,12.108,7.831,1.528,0.654,0.937,829.167948,0.277,0.5286879999999999,0.6467624710934919,1.3825536059360062,0,3,Poorly-differentiated
459,2505,S2,C4,Train,111.192,153.327,41.803,0.8,14.031,10.811,1.26,0.794,0.955,1560.1349519999999,0.19999999999999996,0.25955999999999996,0.7705081605017461,1.2506376369703087,2,1,Well-differentiated
460,2505,S2,C5,Train,98.156,144.605,40.921,0.737,14.416,9.177,1.594,0.627,0.953,1415.016896,0.263,0.594562,0.6365843507214206,1.3575810286794827,0,3,Poorly-differentiated
461,2505,S3,C1,Train,82.43,142.823,40.94,0.618,16.715,6.733,2.597,0.385,0.923,1377.81745,0.382,1.5971549999999999,0.4028118456476219,1.6180819481697137,0,3,Poorly-differentiated
462,2505,S3,C2,Train,183.021,156.0,55.285,0.752,21.832,10.891,2.041,0.49,0.958,3995.7144719999997,0.248,1.04091,0.4988548919017955,1.3289353070936312,0,3,Poorly-differentiated
463,2505,S3,C3,Train,136.505,153.197,50.967,0.66,17.638,10.944,1.651,0.606,0.959,2407.67519,0.33999999999999997,0.650494,0.6204785123029822,1.514327184950388,0,3,Poorly-differentiated
464,2505,S3,C4,Validation,149.897,134.576,48.844,0.79,16.186,13.143,1.229,0.814,0.964,2426.232842,0.20999999999999996,0.22859400000000007,0.8119980229828248,1.266542128222536,1,2,Moderately-differentiated
465,2505,S3,C5,Train,82.38,126.539,35.521,0.82,12.129,9.459,1.19,0.84,0.935,999.18702,0.18000000000000005,0.19040000000000004,0.7798664358149888,1.218817596740963,2,1,Well-differentiated
466,2505,S4,C1,Validation,100.692,131.458,44.993,0.625,16.029,8.559,1.943,0.515,0.927,1613.9920679999998,0.375,0.942355,0.5339696799550814,1.599871389710863,0,3,Poorly-differentiated
467,2505,S4,C2,Train,35.813,144.843,25.459,0.694,8.161,6.306,1.009,0.991,0.906,292.269893,0.30600000000000005,0.009081000000000007,0.7726994240901851,1.4402308700605801,2,1,Well-differentiated
468,2505,S4,C3,Train,71.321,130.855,33.35,0.806,12.838,7.477,1.637,0.611,0.963,915.6189979999999,0.19399999999999995,0.636793,0.5824115905904347,1.2409788750369848,0,3,Poorly-differentiated
469,2505,S4,C4,Validation,22.472,133.427,21.976,0.585,8.606,3.517,2.788,0.359,0.868,193.394032,0.41500000000000004,1.787108,0.4086683709040205,1.710195276562378,0,3,Poorly-differentiated
470,2505,S4,C5,Train,25.465,140.086,21.336,0.703,7.216,4.505,1.596,0.627,0.955,183.75544,0.29700000000000004,0.5953080000000001,0.6243070953436807,1.4225661185331626,0,3,Poorly-differentiated
471,2505,S5,C1,Train,87.706,144.537,39.471,0.707,16.595,7.207,2.196,0.455,0.962,1455.48107,0.29300000000000004,1.19682,0.4342874359746912,1.4135692531515134,0,3,Poorly-differentiated
472,2505,S5,C2,Validation,102.518,147.759,39.716,0.817,14.673,8.786,1.714,0.583,0.96,1504.246614,0.18300000000000005,0.7147380000000001,0.5987868874804062,1.224393498902996,0,3,Poorly-differentiated
473,2505,S5,C3,Validation,68.075,159.545,32.025,0.834,11.418,7.658,1.429,0.7,0.963,777.28035,0.16600000000000004,0.4287000000000001,0.6706953932387459,1.1988939339470235,2,1,Well-differentiated
474,2505,S5,C4,Train,119.41,149.063,44.195,0.768,14.914,10.586,1.384,0.723,0.969,1780.8807399999998,0.23199999999999998,0.383368,0.7098028697867775,1.3016544699609638,2,1,Well-differentiated
475,2505,S5,C5,Train,74.416,132.742,33.303,0.843,12.426,8.248,1.435,0.697,0.979,924.693216,0.15700000000000003,0.4348050000000001,0.6637695155319491,1.186015947075871,2,1,Well-differentiated
476,2547,S1,C1,Train,41.748,135.311,23.975,0.913,8.621,6.306,1.272,0.786,0.957,359.909508,0.08699999999999997,0.27220799999999995,0.7314696670919847,1.0956496210723976,2,1,Well-differentiated
477,2547,S1,C2,Validation,68.176,106.577,32.601,0.806,11.398,8.657,1.343,0.745,0.956,777.070048,0.19399999999999995,0.342465,0.7595192138971749,1.240567680575182,2,1,Well-differentiated
478,2547,S1,C3,Train,39.414,143.941,25.983,0.734,9.555,5.631,1.62,0.617,0.947,376.60077,0.266,0.62046,0.5893249607535322,1.3630701597935577,0,3,Poorly-differentiated
479,2547,S1,C4,Validation,46.668,124.296,27.023,0.803,9.526,6.517,1.504,0.665,0.956,444.559368,0.19699999999999995,0.50384,0.6841276506403527,1.2451970102241015,2,1,Well-differentiated
480,2547,S1,C5,Validation,52.35,128.073,29.686,0.746,12.438,6.043,2.138,0.468,0.949,651.1293000000001,0.254,1.137416,0.4858498150828107,1.3396051737881909,0,3,Poorly-differentiated
481,2547,S2,C1,Train,60.364,104.271,30.458,0.818,10.634,7.724,1.364,0.733,0.965,641.9107759999999,0.18200000000000005,0.36418800000000007,0.7263494451758511,1.2229674275756561,2,1,Well-differentiated
482,2547,S2,C2,Train,42.661,96.256,25.195,0.845,9.373,6.511,1.357,0.737,0.972,399.86155299999996,0.15500000000000003,0.356891,0.6946548597034035,1.1840984973897897,2,1,Well-differentiated
483,2547,S2,C3,Train,36.726,92.504,24.399,0.775,9.016,5.825,1.6,0.625,0.969,331.121616,0.22499999999999998,0.6000000000000001,0.6460736468500444,1.2899134171584556,2,1,Well-differentiated
484,2547,S2,C4,Train,21.762,107.287,18.177,0.828,5.912,5.084,1.117,0.895,0.959,128.656944,0.17200000000000004,0.11728499999999997,0.8599458728010825,1.2081914121948298,2,1,Well-differentiated
485,2547,S2,C5,Validation,34.595,89.931,23.52,0.786,8.547,5.753,1.567,0.638,0.939,295.683465,0.21399999999999997,0.5672539999999999,0.673101673101673,1.2724813792597602,2,1,Well-differentiated
486,2547,S3,C1,Train,49.458,144.307,29.498,0.714,10.353,6.839,1.495,0.669,0.934,512.038674,0.28600000000000003,0.494845,0.660581473968898,1.4000344694392906,0,3,Poorly-differentiated
487,2547,S3,C2,Train,57.219,112.509,30.078,0.795,11.326,6.449,1.72,0.581,0.961,648.062394,0.20499999999999996,0.7206800000000001,0.5693978456648419,1.2581945002101542,0,3,Poorly-differentiated
488,2547,S3,C3,Train,51.842,109.007,28.308,0.813,10.322,7.561,1.24,0.806,0.95,535.113124,0.18700000000000006,0.24055999999999994,0.732513078860686,1.2300613201363415,2,1,Well-differentiated
489,2547,S3,C4,Train,34.24,101.025,24.788,0.7,9.691,4.998,1.9,0.526,0.908,331.81984000000006,0.30000000000000004,0.9006,0.5157362501289856,1.4280366544308238,0,3,Poorly-differentiated
490,2547,S3,C5,Train,36.929,88.823,24.394,0.78,8.215,6.502,1.274,0.785,0.938,303.371735,0.21999999999999997,0.27391,0.7914790018259281,1.2822970034584125,2,1,Well-differentiated
491,2547,S4,C1,Train,33.277,143.489,23.488,0.758,7.686,6.197,1.184,0.844,0.965,255.767022,0.242,0.18470400000000003,0.8062711423367162,1.3192832414716948,2,1,Well-differentiated
492,2547,S4,C2,Train,37.182,186.334,24.524,0.777,8.839,5.256,1.646,0.607,0.97,328.651698,0.22299999999999998,0.646878,0.5946374024210883,1.2871821375562567,0,3,Poorly-differentiated
493,2547,S4,C3,Train,29.421,157.283,23.536,0.667,8.38,5.134,1.593,0.628,0.952,246.54798000000002,0.33299999999999996,0.592596,0.6126491646778043,1.4982973683936125,0,3,Poorly-differentiated
494,2547,S4,C4,Train,65.843,202.555,33.115,0.755,12.469,7.502,1.709,0.585,0.94,820.996367,0.245,0.7092350000000001,0.6016520972010586,1.3253483579823513,0,3,Poorly-differentiated
495,2547,S4,C5,Validation,46.82,153.394,27.043,0.804,9.558,6.933,1.423,0.703,0.953,447.50556,0.19599999999999995,0.4226310000000001,0.7253609541745135,1.2429923704543022,2,1,Well-differentiated
496,2547,S5,C1,Train,48.038,139.309,26.402,0.866,9.286,6.532,1.365,0.732,0.956,446.08086799999995,0.134,0.36582000000000003,0.7034245100150764,1.1547258059862782,2,1,Well-differentiated
497,2547,S5,C2,Validation,44.741,145.159,26.211,0.818,8.884,6.757,1.274,0.785,0.967,397.479044,0.18200000000000005,0.27391,0.7605808194506978,1.2219449196815773,2,1,Well-differentiated
498,2547,S5,C3,Train,36.016,118.069,22.764,0.873,8.281,5.856,1.321,0.757,0.95,298.248496,0.127,0.321003,0.7071609708972346,1.1449639483440341,2,1,Well-differentiated
499,2547,S5,C4,Train,40.023,141.061,25.207,0.792,8.309,6.871,1.128,0.886,0.942,332.551107,0.20799999999999996,0.12859199999999998,0.8269346491755929,1.2633474842414643,2,1,Well-differentiated
500,2547,S5,C5,Train,43.016,132.238,25.457,0.834,8.454,6.982,1.013,0.987,0.951,363.657264,0.16600000000000004,0.01316900000000001,0.8258812396498698,1.1988768043611007,2,1,Well-differentiated
501,2555,S1,C1,Validation,290.459,194.405,67.762,0.795,25.326,16.216,1.536,0.651,0.963,7356.164634000001,0.20499999999999996,0.536064,0.6402906104398642,1.257991566505982,1,2,Moderately-differentiated
502,2555,S1,C2,Train,192.202,186.924,58.443,0.707,17.713,15.224,1.037,0.964,0.948,3404.4740260000003,0.29300000000000004,0.03733200000000003,0.8594817365776548,1.4141557236011306,1,2,Moderately-differentiated
503,2555,S1,C3,Validation,181.956,187.83,53.655,0.794,19.993,13.284,1.503,0.665,0.948,3637.8463079999997,0.20599999999999996,0.5035049999999999,0.6644325513929876,1.2590534093227603,1,2,Moderately-differentiated
504,2555,S1,C4,Train,192.913,150.079,54.505,0.816,19.122,14.577,1.185,0.844,0.96,3688.882386,0.18400000000000005,0.18486000000000005,0.762315657358017,1.2254661768298685,1,2,Moderately-differentiated
505,2555,S1,C5,Validation,226.646,178.871,61.819,0.745,21.254,13.182,1.596,0.626,0.966,4817.134084,0.255,0.596904,0.6202126658511339,1.3417945646020268,1,2,Moderately-differentiated
506,2555,S2,C1,Train,202.551,159.129,53.621,0.885,18.542,14.603,1.205,0.83,0.969,3755.7006420000002,0.11499999999999999,0.20485000000000006,0.7875633696472871,1.1296022855984669,1,2,Moderately-differentiated
507,2555,S2,C2,Train,222.131,142.641,57.886,0.833,20.784,13.829,1.467,0.682,0.977,4616.770704,0.16700000000000004,0.466506,0.6653675904541956,1.2004056884706078,1,2,Moderately-differentiated
508,2555,S2,C3,Train,168.006,161.262,51.781,0.787,17.713,13.351,1.36,0.735,0.969,2975.8902780000003,0.21299999999999997,0.36040000000000005,0.7537401908203015,1.270007280593698,1,2,Moderately-differentiated
509,2555,S2,C4,Train,292.691,136.716,69.426,0.763,25.466,15.632,1.646,0.608,0.965,7453.669006,0.237,0.645232,0.6138380585879211,1.3104638811194274,1,2,Moderately-differentiated
510,2555,S2,C5,Train,254.291,140.19,64.494,0.768,21.463,16.734,1.29,0.775,0.936,5457.8477330000005,0.23199999999999998,0.29024999999999995,0.779667334482598,1.3016606403720197,1,2,Moderately-differentiated
511,2555,S3,C1,Validation,258.147,146.993,61.346,0.862,23.119,16.519,1.334,0.75,0.979,5968.100493,0.138,0.3335,0.7145205242441282,1.1601003403020465,1,2,Moderately-differentiated
512,2555,S3,C2,Validation,162.02,156.242,49.376,0.835,16.44,13.674,1.209,0.827,0.945,2663.6088000000004,0.16500000000000004,0.20915700000000007,0.8317518248175182,1.19743877421283,1,2,Moderately-differentiated
513,2555,S3,C3,Train,248.559,146.929,61.134,0.836,20.979,15.669,1.295,0.772,0.962,5214.5192609999995,0.16400000000000003,0.29525999999999997,0.746889746889747,1.1965373735024019,1,2,Moderately-differentiated
514,2555,S3,C4,Train,186.724,151.884,52.851,0.84,19.453,13.516,1.348,0.742,0.957,3632.3419719999997,0.16000000000000003,0.34778400000000004,0.6948028581709762,1.1904095760931432,1,2,Moderately-differentiated
515,2555,S3,C5,Train,207.674,143.489,56.088,0.83,17.619,15.492,1.084,0.922,0.974,3659.008206,0.17000000000000004,0.08455199999999996,0.8792780521028436,1.2054464332347257,1,2,Moderately-differentiated
516,2555,S4,C1,Train,204.123,146.323,56.75,0.796,18.608,14.877,1.237,0.808,0.975,3798.320784,0.20399999999999996,0.23750399999999997,0.7994948409286329,1.2555381838680408,1,2,Moderately-differentiated
517,2555,S4,C2,Train,172.774,144.892,47.962,0.944,16.429,13.964,1.121,0.892,0.979,2838.5040459999996,0.05600000000000005,0.12106799999999998,0.849960435814718,1.0595130675653324,1,2,Moderately-differentiated
518,2555,S4,C3,Train,215.587,157.788,55.29,0.886,17.865,15.315,1.067,0.938,0.981,3851.4617549999994,0.11399999999999999,0.06615400000000006,0.8572628043660789,1.1283939441346857,1,2,Moderately-differentiated
519,2555,S4,C4,Validation,216.5,146.703,55.87,0.872,18.455,14.865,1.188,0.841,0.983,3995.5074999999997,0.128,0.18889200000000003,0.8054727716066108,1.1473332454579768,1,2,Moderately-differentiated
520,2555,S4,C5,Validation,262.966,134.804,65.959,0.76,24.833,14.174,1.757,0.569,0.972,6530.234678,0.24,0.757267,0.5707727620504973,1.3165539520237257,1,2,Moderately-differentiated
521,2555,S5,C1,Train,288.38,190.566,71.048,0.718,21.229,17.828,1.072,0.933,0.949,6122.01902,0.28200000000000003,0.07182399999999994,0.8397946205662066,1.392928141534343,1,2,Moderately-differentiated
522,2555,S5,C2,Train,247.545,176.926,62.691,0.792,20.589,15.498,1.307,0.765,0.945,5096.704005,0.20799999999999996,0.30714499999999995,0.7527320413813201,1.263415998809336,1,2,Moderately-differentiated
523,2555,S5,C3,Train,332.156,192.911,76.384,0.715,22.764,18.513,1.187,0.842,0.971,7561.199184,0.28500000000000003,0.18754600000000005,0.8132577754348973,1.397825081239634,1,2,Moderately-differentiated
524,2555,S5,C4,Train,264.386,163.955,69.358,0.691,24.053,16.855,1.398,0.715,0.969,6359.276458000001,0.30900000000000005,0.39843,0.70074418991394,1.4479207915758627,1,2,Moderately-differentiated
525,2555,S5,C5,Train,221.319,179.696,56.099,0.884,19.08,16.066,1.152,0.868,0.957,4222.766519999999,0.11599999999999999,0.152064,0.8420335429769392,1.1315706546269952,1,2,Moderately-differentiated
526,2556,S1,C1,Train,221.674,217.895,55.259,0.912,17.933,16.063,1.072,0.932,0.963,3975.279842,0.08799999999999997,0.07289599999999995,0.8957229688284168,1.0961788560101975,1,2,Moderately-differentiated
527,2556,S1,C2,Validation,123.671,203.768,44.713,0.777,14.43,12.162,1.149,0.87,0.959,1784.5725300000001,0.22299999999999998,0.14937,0.8428274428274429,1.286441029079299,2,1,Well-differentiated
528,2556,S1,C3,Train,149.288,200.732,45.811,0.894,15.342,13.303,1.11,0.901,0.958,2290.3764960000003,0.10599999999999998,0.10988999999999999,0.8670968582974841,1.1186771830478364,1,2,Moderately-differentiated
529,2556,S1,C4,Validation,201.79,161.185,54.68,0.848,18.84,14.478,1.331,0.751,0.965,3801.7236,0.15200000000000002,0.33141899999999996,0.7684713375796178,1.1790914969084725,1,2,Moderately-differentiated
530,2556,S1,C5,Train,635.957,154.868,93.684,0.911,31.289,26.657,1.129,0.886,0.969,19898.458573,0.08899999999999997,0.128706,0.8519607529802806,1.0982298275487032,1,2,Moderately-differentiated
531,2556,S2,C1,Train,220.153,159.893,58.27,0.815,20.23,14.504,1.385,0.722,0.957,4453.69519,0.18500000000000005,0.38503000000000004,0.7169550173010381,1.2273136495394692,1,2,Moderately-differentiated
532,2556,S2,C2,Validation,338.193,159.621,69.546,0.879,22.671,20.067,1.107,0.903,0.963,7667.173502999999,0.121,0.10737899999999997,0.8851396056636232,1.1380722506787793,1,2,Moderately-differentiated
533,2556,S2,C3,Train,288.278,146.47,67.74,0.789,21.716,17.568,1.198,0.835,0.971,6260.245048000001,0.21099999999999997,0.19767000000000004,0.8089887640449438,1.2666861448729136,1,2,Moderately-differentiated
534,2556,S2,C4,Validation,310.395,151.72,68.807,0.824,23.112,18.694,1.152,0.868,0.944,7173.849239999999,0.17600000000000005,0.152064,0.8088438906195916,1.213781922499846,1,2,Moderately-differentiated
535,2556,S2,C5,Validation,155.679,145.991,51.269,0.744,16.85,13.64,1.191,0.839,0.947,2623.19115,0.256,0.19175100000000006,0.8094955489614243,1.3435993837364455,1,2,Moderately-differentiated
536,2556,S3,C1,Train,193.318,110.904,58.279,0.715,17.492,15.221,1.141,0.876,0.952,3381.5184560000002,0.28500000000000003,0.141484,0.8701692202149554,1.398112198344922,1,2,Moderately-differentiated
537,2556,S3,C2,Train,178.455,114.49,52.124,0.825,19.038,12.326,1.506,0.664,0.967,3397.4262900000003,0.17500000000000004,0.5060159999999999,0.6474419581888854,1.2115375737104677,2,1,Well-differentiated
538,2556,S3,C3,Train,155.324,115.515,46.754,0.893,15.567,13.288,1.11,0.901,0.971,2417.9287080000004,0.10699999999999998,0.10988999999999999,0.8536005652983876,1.1199254519793331,1,2,Moderately-differentiated
539,2556,S3,C4,Train,193.927,125.087,60.077,0.675,22.635,11.237,2.11,0.474,0.957,4389.537645,0.32499999999999996,1.10986,0.4964435608570797,1.481045265575835,0,3,Poorly-differentiated
540,2556,S3,C5,Train,181.803,109.608,56.436,0.717,17.53,14.414,1.095,0.913,0.928,3187.00659,0.28300000000000003,0.09526499999999996,0.8222475755847118,1.394124438087681,1,2,Moderately-differentiated
541,2556,S4,C1,Train,233.139,205.594,63.528,0.726,19.84,16.684,1.107,0.903,0.966,4625.47776,0.274,0.10737899999999997,0.8409274193548387,1.377544295543442,1,2,Moderately-differentiated
542,2556,S4,C2,Train,148.476,200.532,46.828,0.851,15.843,12.724,1.269,0.788,0.94,2352.305268,0.14900000000000002,0.26902799999999993,0.8031307201918829,1.175290149956638,2,1,Well-differentiated
544,2556,S4,C4,Train,124.838,130.584,46.156,0.736,15.105,11.103,1.4,0.714,0.952,1885.67799,0.264,0.40040000000000003,0.7350546176762661,1.3579996656482822,2,1,Well-differentiated
545,2556,S4,C5,Validation,91.612,163.435,38.598,0.773,12.404,9.741,1.267,0.789,0.959,1136.3552479999998,0.22699999999999998,0.26733699999999994,0.7853111899387294,1.2940986231203704,2,1,Well-differentiated
546,2556,S5,C1,Train,127.526,146.22,44.455,0.811,15.617,11.785,1.354,0.738,0.952,1991.573542,0.18899999999999995,0.35474800000000006,0.7546263687007747,1.2331974765906657,2,1,Well-differentiated
547,2556,S5,C2,Train,142.693,141.337,45.162,0.879,16.299,11.073,1.431,0.699,0.965,2325.753207,0.121,0.4307310000000001,0.6793668323210014,1.1374538894469046,2,1,Well-differentiated
548,2556,S5,C3,Train,179.571,147.121,52.848,0.808,17.179,14.101,1.202,0.832,0.955,3084.8502089999997,0.19199999999999995,0.20193600000000003,0.8208277548169277,1.2376876216589612,1,2,Moderately-differentiated
549,2556,S5,C4,Train,98.358,114.437,39.591,0.789,14.11,9.459,1.358,0.736,0.951,1387.83138,0.21099999999999997,0.35851200000000005,0.6703756201275691,1.268158069537308,2,1,Well-differentiated
550,2556,S5,C5,Train,296.749,174.873,80.326,0.578,22.943,17.568,1.235,0.81,0.946,6808.312307000001,0.42200000000000004,0.23464999999999994,0.7657237501634485,1.7302671145825856,1,2,Moderately-differentiated
551,2837,S1,C1,Train,140.816,142.576,46.756,0.809,17.123,10.852,1.625,0.615,0.952,2411.192368,0.19099999999999995,0.625625,0.6337674472931145,1.2354148923557444,2,1,Well-differentiated
552,2837,S1,C2,Train,42.255,134.215,26.584,0.751,8.7,6.339,1.382,0.724,0.957,367.6185,0.249,0.381432,0.7286206896551726,1.3309222528719333,2,1,Well-differentiated
553,2837,S1,C3,Train,61.835,99.446,29.913,0.868,10.545,7.883,1.277,0.783,0.953,652.050075,0.132,0.27710899999999994,0.7475580844001897,1.1515312090525622,2,1,Well-differentiated
554,2837,S1,C4,Validation,53.212,132.078,30.079,0.739,10.375,6.982,1.435,0.697,0.965,552.0745000000001,0.261,0.4348050000000001,0.6729638554216868,1.3530297348244873,2,1,Well-differentiated
555,2837,S1,C5,Validation,154.716,144.503,47.02,0.879,16.443,13.094,1.25,0.8,0.967,2543.9951880000003,0.121,0.24999999999999994,0.7963267043726813,1.137156287148669,1,2,Moderately-differentiated
556,2837,S2,C1,Train,218.276,150.761,57.247,0.837,19.135,14.837,1.255,0.797,0.963,4176.711260000001,0.16300000000000003,0.2547649999999999,0.7753854193885549,1.1947845958260932,1,2,Moderately-differentiated
557,2837,S2,C2,Validation,214.471,171.209,57.06,0.828,18.365,14.865,1.219,0.821,0.968,3938.7599149999996,0.17200000000000004,0.21820100000000006,0.8094200925673837,1.208050512363237,1,2,Moderately-differentiated
558,2837,S2,C3,Train,167.296,131.935,52.771,0.755,16.497,14.166,1.071,0.933,0.942,2759.882112,0.245,0.07175699999999995,0.8587015821058375,1.3246319526494719,1,2,Moderately-differentiated
559,2837,S2,C4,Train,124.381,137.46,45.794,0.745,15.5,11.183,1.331,0.751,0.958,1927.9055,0.255,0.33141899999999996,0.7214838709677419,1.341693301228234,2,1,Well-differentiated
560,2837,S2,C5,Train,91.46,122.287,37.267,0.828,13.26,9.464,1.446,0.691,0.953,1212.7595999999999,0.17200000000000004,0.44681400000000004,0.7137254901960784,1.208391900585789,2,1,Well-differentiated
561,2837,S3,C1,Train,222.587,129.914,62.064,0.726,20.115,14.64,1.301,0.769,0.934,4477.3375049999995,0.274,0.30053099999999994,0.7278150633855333,1.3771139077580223,1,2,Moderately-differentiated
562,2837,S3,C2,Validation,98.409,164.888,39.615,0.788,13.104,10.364,1.319,0.758,0.961,1289.551536,0.21199999999999997,0.319198,0.790903540903541,1.2690380323001045,2,1,Well-differentiated
563,2837,S3,C3,Train,40.125,141.311,26.069,0.742,8.764,6.757,1.375,0.727,0.908,351.65549999999996,0.258,0.375375,0.7709949794614331,1.347794980717994,2,1,Well-differentiated
564,2837,S3,C4,Train,349.86,113.509,72.357,0.84,24.882,19.01,1.286,0.778,0.964,8705.21652,0.16000000000000003,0.28549199999999997,0.764006108833695,1.1908496919356253,1,2,Moderately-differentiated
565,2837,S3,C5,Train,102.518,162.636,40.343,0.792,15.036,10.372,1.467,0.682,0.951,1541.460648,0.20799999999999996,0.466506,0.6898111199787178,1.263357873765456,2,1,Well-differentiated
566,2837,S4,C1,Train,141.476,150.16,46.774,0.813,15.257,12.838,1.155,0.866,0.969,2158.499332,0.18700000000000006,0.15477000000000002,0.841449826309235,1.2305985138003124,2,1,Well-differentiated
567,2837,S4,C2,Validation,83.546,150.863,35.635,0.827,13.198,8.352,1.627,0.615,0.958,1102.640108,0.17300000000000004,0.626395,0.6328231550234884,1.2095337763623317,2,1,Well-differentiated
568,2837,S4,C3,Validation,109.214,128.585,40.929,0.819,13.442,10.942,1.204,0.83,0.949,1468.054588,0.18100000000000005,0.20468000000000003,0.81401577146258,1.2206020361806327,2,1,Well-differentiated
569,2837,S4,C4,Train,103.025,125.233,40.023,0.808,13.514,10.592,1.248,0.801,0.944,1392.27985,0.19199999999999995,0.24835199999999993,0.7837797839277787,1.2372765747890635,2,1,Well-differentiated
570,2837,S4,C5,Train,81.416,148.733,34.368,0.866,12.909,8.072,1.567,0.638,0.963,1050.9991440000001,0.134,0.5672539999999999,0.6253001781702687,1.1544865929864887,2,1,Well-differentiated
571,2837,S5,C1,Train,76.901,142.418,35.191,0.78,12.717,8.44,1.572,0.636,0.933,977.950017,0.21999999999999997,0.572208,0.6636785405362899,1.281508127385791,2,1,Well-differentiated
572,2837,S5,C2,Train,57.93,172.813,30.762,0.769,11.396,6.532,1.762,0.568,0.958,660.17028,0.23099999999999998,0.7611840000000001,0.5731835731835732,1.2999173583949932,0,3,Poorly-differentiated
573,2837,S5,C3,Train,53.821,123.879,29.571,0.773,9.758,7.756,1.338,0.748,0.927,525.1853179999999,0.22699999999999998,0.33717600000000003,0.7948350071736012,1.2929162555731222,2,1,Well-differentiated
574,2837,S5,C4,Train,38.501,139.647,26.665,0.68,8.772,6.552,1.296,0.771,0.946,337.730772,0.31999999999999995,0.296784,0.746922024623803,1.4696073057446275,2,1,Well-differentiated
575,2837,S5,C5,Train,54.48,153.238,29.82,0.77,10.794,7.416,1.509,0.663,0.933,588.0571199999999,0.22999999999999998,0.5085329999999999,0.6870483602001112,1.298877863596453,2,1,Well-differentiated
